X2,X4,X5,X6,adversaire,score_france,score_adversaire,penalty_france,penalty_adversaire,date,year,outcome,no
1er mai 1904,Belgique - France,3-3,Match amical,Belgique,3,3,NA,NA,1904-05-01,1904,draw,1
12 février 1905,France - Suisse,1-0,Match amical,Suisse,1,0,NA,NA,1905-02-12,1905,win,1
7 mai 1905,Belgique - France,7-0,Match amical,Belgique,0,7,NA,NA,1905-05-07,1905,loss,2
22 avril 1906,France - Belgique,0-5,Match amical,Belgique,0,5,NA,NA,1906-04-22,1906,loss,1
1er novembre 1906,France - Angleterre,0-15,Match amical,Angleterre,0,1,NA,NA,1906-11-01,1906,loss,2
21 avril 1907,Belgique - France,1-2,Match amical,Belgique,2,1,NA,NA,1907-04-21,1907,win,1
8 mars 1908,Suisse - France,1-2,Match amical,Suisse,2,1,NA,NA,1908-03-08,1908,win,1
23 mars 1908,Angleterre - France,12-0,Match amical,Angleterre,10,12,NA,NA,1908-03-23,1908,loss,2
12 avril 1908,France - Belgique,1-2,Match amical,Belgique,1,2,NA,NA,1908-04-12,1908,loss,3
10 mai 1908,Pays-Bas - France,4-1,Match amical,Pays-Bas,1,4,NA,NA,1908-05-10,1908,loss,4
22 octobre 1908,France - Danemark,1-17,Jeux olympiques 1908[40](Demi-finale),Danemark,1,1,NA,NA,1908-10-22,1908,draw,5
8 mai 1909,Belgique - France,5-2,Match amical,Belgique,2,5,NA,NA,1909-05-08,1909,loss,1
22 mai 1909,France - Angleterre,0-11,Match amical,Angleterre,0,1,NA,NA,1909-05-22,1909,loss,2
3 avril 1910,France - Belgique,0-4,Match amical,Belgique,0,4,NA,NA,1910-04-03,1910,loss,1
16 avril 1910,Angleterre - France,10-1,Match amical,Angleterre,11,10,NA,NA,1910-04-16,1910,win,2
15 mai 1910,Italie - France,6-2,Match amical,Italie,2,6,NA,NA,1910-05-15,1910,loss,3
1er janvier 1911,France - Hongrie,0-3,Match amical,Hongrie,0,3,NA,NA,1911-01-01,1911,loss,1
23 mars 1911,France - Angleterre,0-3,Match amical,Angleterre,0,3,NA,NA,1911-03-23,1911,loss,2
9 avril 1911,France - Italie,2-2,Match amical,Italie,2,2,NA,NA,1911-04-09,1911,draw,3
23 avril 1911,Suisse - France,5-2,Match amical,Suisse,2,5,NA,NA,1911-04-23,1911,loss,4
30 avril 1911,Belgique - France,7-1,Match amical,Belgique,1,7,NA,NA,1911-04-30,1911,loss,5
29 octobre 1911,Luxembourg - France,1-4,Match amical,Luxembourg,4,1,NA,NA,1911-10-29,1911,win,6
28 janvier 1912,France - Belgique,1-1,Match amical,Belgique,1,1,NA,NA,1912-01-28,1912,draw,1
18 février 1912,France - Suisse,4-1,Match amical,Suisse,4,1,NA,NA,1912-02-18,1912,win,2
17 mars 1912,Italie - France,3-4,Match amical,Italie,4,3,NA,NA,1912-03-17,1912,win,3
12 janvier 1913,France - Italie,1-0,Match amical,Italie,1,0,NA,NA,1913-01-12,1913,win,1
16 février 1913,Belgique - France,3-0,Match amical,Belgique,0,3,NA,NA,1913-02-16,1913,loss,2
27 février 1913,France - Angleterre,1-4,Match amical,Angleterre,1,4,NA,NA,1913-02-27,1913,loss,3
9 mars 1913,Suisse - France,1-4,Match amical,Suisse,4,1,NA,NA,1913-03-09,1913,win,4
20 avril 1913,France - Luxembourg,8-0,Match amical,Luxembourg,8,0,NA,NA,1913-04-20,1913,win,5
25 janvier 1914,France - Belgique,4-3,Match amical,Belgique,4,3,NA,NA,1914-01-25,1914,win,1
8 février 1914,Luxembourg - France,5-4,Match amical,Luxembourg,4,5,NA,NA,1914-02-08,1914,loss,2
8 mars 1914,France - Suisse,2-2,Match amical,Suisse,2,2,NA,NA,1914-03-08,1914,draw,3
29 mars 1914,Italie - France,2-0,Match amical,Italie,0,2,NA,NA,1914-03-29,1914,loss,4
31 mai 1914,Hongrie - France,5-1,Match amical,Hongrie,1,5,NA,NA,1914-05-31,1914,loss,5
9 mars 1919,Belgique - France,2-2,Match amical,Belgique,2,2,NA,NA,1919-03-09,1919,draw,1
18 janvier 1920,Italie - France,9-4,Match amical,Italie,4,9,NA,NA,1920-01-18,1920,loss,1
29 février 1920,Suisse - France,0-2,Match amical,Suisse,2,0,NA,NA,1920-02-29,1920,win,2
28 mars 1920,France - Belgique,2-1,Match amical,Belgique,2,1,NA,NA,1920-03-28,1920,win,3
5 avril 1920,France - Angleterre,0-5,Match amical,Angleterre,0,5,NA,NA,1920-04-05,1920,loss,4
29 août 1920,France - Italie,3-1,Jeux olympiques 1920 (Quart de finale),Italie,3,1,NA,NA,1920-08-29,1920,win,5
31 août 1920,Tchécoslovaquie - France,4-1,Jeux olympiques 1920 (Demi-finale),Tchécoslovaquie,1,4,NA,NA,1920-08-31,1920,loss,6
8 février 1921,France - Irlande,1-2,Match amical,Irlande,1,2,NA,NA,1921-02-08,1921,loss,1
20 février 1921,France - Italie,1-2,Match amical,Italie,1,2,NA,NA,1921-02-20,1921,loss,2
6 mars 1921,Belgique - France,3-1,Match amical,Belgique,1,3,NA,NA,1921-03-06,1921,loss,3
5 mai 1921,France - Angleterre,2-1,Match amical,Angleterre,2,1,NA,NA,1921-05-05,1921,win,4
13 novembre 1921,France - Pays-Bas,0-5,Match amical,Pays-Bas,0,5,NA,NA,1921-11-13,1921,loss,5
15 janvier 1922,France - Belgique,2-1,Match amical,Belgique,2,1,NA,NA,1922-01-15,1922,win,1
30 avril 1922,France - Espagne,0-4,Match amical,Espagne,0,4,NA,NA,1922-04-30,1922,loss,2
28 janvier 1923,Espagne - France,3-0,Match amical,Espagne,0,3,NA,NA,1923-01-28,1923,loss,1
25 février 1923,Belgique - France,4-1,Match amical,Belgique,1,4,NA,NA,1923-02-25,1923,loss,2
2 avril 1923,Pays-Bas - France,8-1,Match amical,Pays-Bas,1,8,NA,NA,1923-04-02,1923,loss,3
22 avril 1923,France - Suisse,2-2,Match amical,Suisse,2,2,NA,NA,1923-04-22,1923,draw,4
10 mai 1923,France - Angleterre,1-4,Match amical,Angleterre,1,4,NA,NA,1923-05-10,1923,loss,5
28 octobre 1923,France - Norvège,0-2,Match amical,Norvège,0,2,NA,NA,1923-10-28,1923,loss,6
13 janvier 1924,France - Belgique,2-0,Match amical,Belgique,2,0,NA,NA,1924-01-13,1924,win,1
23 mars 1924,Suisse - France,3-0,Match amical,Suisse,0,3,NA,NA,1924-03-23,1924,loss,2
17 mai 1924,France - Angleterre,1-3,Match amical,Angleterre,1,3,NA,NA,1924-05-17,1924,loss,3
27 mai 1924,France - Lettonie,7-0,Jeux olympiques 1924 (Huitième de finale),Lettonie,7,0,NA,NA,1924-05-27,1924,win,4
1er juin 1924,France - Uruguay,1-5,Jeux olympiques 1924 (Quart de finale),Uruguay,1,5,NA,NA,1924-06-01,1924,loss,5
4 juin 1924,France - Hongrie,0-1,Match amical,Hongrie,0,1,NA,NA,1924-06-04,1924,loss,6
11 novembre 1924,Belgique - France,3-0,Match amical,Belgique,0,3,NA,NA,1924-11-11,1924,loss,7
22 mars 1925,Italie - France,7-0,Match amical,Italie,0,7,NA,NA,1925-03-22,1925,loss,1
19 avril 1925,France - Autriche,0-4,Match amical,Autriche,0,4,NA,NA,1925-04-19,1925,loss,2
25 mai 1925,France - Angleterre,2-3,Match amical,Angleterre,2,3,NA,NA,1925-05-25,1925,loss,3
11 avril 1926,France - Belgique,4-3,Match amical,Belgique,4,3,NA,NA,1926-04-11,1926,win,1
18 avril 1926,France - Portugal,4-2,Match amical,Portugal,4,2,NA,NA,1926-04-18,1926,win,2
25 avril 1926,France - Suisse,1-0,Match amical,Suisse,1,0,NA,NA,1926-04-25,1926,win,3
30 mai 1926,Autriche - France,4-1,Match amical,Autriche,1,4,NA,NA,1926-05-30,1926,loss,4
14 juin 1926,"France - Royaume des
Serbes, Croates et Slovènes",4-1,Match amical,"Royaume des
Serbes, Croates et Slovènes",4,1,NA,NA,1926-06-14,1926,win,5
20 juin 1926,Belgique - France,2-2,Match amical,Belgique,2,2,NA,NA,1926-06-20,1926,draw,6
16 mars 1927,Portugal - France,4-0,Match amical,Portugal,0,4,NA,NA,1927-03-16,1927,loss,1
24 avril 1927,France - Italie,3-3,Match amical,Italie,3,3,NA,NA,1927-04-24,1927,draw,2
22 mai 1927,France - Espagne,1-4,Match amical,Espagne,1,4,NA,NA,1927-05-22,1927,loss,3
26 mai 1927,France - Angleterre,0-6,Match amical,Angleterre,0,6,NA,NA,1927-05-26,1927,loss,4
12 juin 1927,Hongrie - France,13-1,Match amical,Hongrie,11,13,NA,NA,1927-06-12,1927,loss,5
21 février 1928,France - Irlande,4-0,Match amical,Irlande,4,0,NA,NA,1928-02-21,1928,win,1
11 mars 1928,Suisse - France,4-3,Match amical,Suisse,3,4,NA,NA,1928-03-11,1928,loss,2
15 avril 1928,France - Belgique,2-3,Match amical,Belgique,2,3,NA,NA,1928-04-15,1928,loss,3
29 avril 1928,France - Portugal,1-1,Match amical,Portugal,1,1,NA,NA,1928-04-29,1928,draw,4
13 mai 1928,France - Tchécoslovaquie,0-2,Match amical,Tchécoslovaquie,0,2,NA,NA,1928-05-13,1928,loss,5
17 mai 1928,France - Angleterre,1-5,Match amical,Angleterre,1,5,NA,NA,1928-05-17,1928,loss,6
29 mai 1928,France - Italie,3-4,Jeux olympiques 1928 (Premier tour),Italie,3,4,NA,NA,1928-05-29,1928,loss,7
24 février 1929,France - Hongrie,3-0,Match amical,Hongrie,3,0,NA,NA,1929-02-24,1929,win,1
24 mars 1929,France - Portugal,2-0,Match amical,Portugal,2,0,NA,NA,1929-03-24,1929,win,2
14 avril 1929,Espagne - France,8-1,Match amical,Espagne,1,8,NA,NA,1929-04-14,1929,loss,3
9 mai 1929,France - Angleterre,1-4,Match amical,Angleterre,1,4,NA,NA,1929-05-09,1929,loss,4
19 mai 1929,"France - Royaume des
Serbes, Croates et Slovènes",1-3,Match amical,"Royaume des
Serbes, Croates et Slovènes",1,3,NA,NA,1929-05-19,1929,loss,5
26 mai 1929,Belgique - France,4-1,Match amical,Belgique,1,4,NA,NA,1929-05-26,1929,loss,6
23 février 1930,Portugal - France,2-0,Match amical,Portugal,0,2,NA,NA,1930-02-23,1930,loss,1
23 mars 1930,France - Suisse,3-3,Match amical,Suisse,3,3,NA,NA,1930-03-23,1930,draw,2
13 avril 1930,France - Belgique,1-6,Match amical,Belgique,1,6,NA,NA,1930-04-13,1930,loss,3
11 mai 1930,France - Tchécoslovaquie,2-3,Match amical,Tchécoslovaquie,2,3,NA,NA,1930-05-11,1930,loss,4
18 mai 1930,France - Écosse,0-2,Match amical,Écosse,0,2,NA,NA,1930-05-18,1930,loss,5
25 mai 1930,Belgique - France,1-2,Match amical,Belgique,2,1,NA,NA,1930-05-25,1930,win,6
13 juillet 1930,France - Mexique,4-1,Coupe du monde 1930 (Groupe 1)[73],Mexique,4,1,NA,NA,1930-07-13,1930,win,7
15 juillet 1930,Argentine - France,1-0,Coupe du monde 1930 (Groupe 1),Argentine,0,1,NA,NA,1930-07-15,1930,loss,8
19 juillet 1930,Chili - France,1-0,Coupe du monde 1930 (Groupe 1),Chili,0,1,NA,NA,1930-07-19,1930,loss,9
7 décembre 1930,France - Belgique,2-2,Match amical,Belgique,2,2,NA,NA,1930-12-07,1930,draw,10
25 janvier 1931,Italie - France,5-0,Match amical,Italie,0,5,NA,NA,1931-01-25,1931,loss,1
15 février 1931,France - Tchécoslovaquie,1-2,Match amical,Tchécoslovaquie,1,2,NA,NA,1931-02-15,1931,loss,2
15 mars 1931,France - Allemagne,1-0,Match amical,Allemagne,1,0,NA,NA,1931-03-15,1931,win,3
14 mai 1931,France - Angleterre,5-2,Match amical,Angleterre,5,2,NA,NA,1931-05-14,1931,win,4
29 novembre 1931,France - Pays-Bas,3-4,Match amical,Pays-Bas,3,4,NA,NA,1931-11-29,1931,loss,5
20 mars 1932,Suisse - France,3-3,Match amical,Suisse,3,3,NA,NA,1932-03-20,1932,draw,1
10 avril 1932,France - Italie,1-2,Match amical,Italie,1,2,NA,NA,1932-04-10,1932,loss,2
1er mai 1932,Belgique - France,5-2,Match amical,Belgique,2,5,NA,NA,1932-05-01,1932,loss,3
8 mai 1932,France - Écosse,1-3,Match amical,Écosse,1,3,NA,NA,1932-05-08,1932,loss,4
5 juin 1932,Royaume de Yougoslavie - France,2-1,Match amical,Royaume de Yougoslavie,1,2,NA,NA,1932-06-05,1932,loss,5
9 juin 1932,Bulgarie - France,3-5,Match amical,Bulgarie,5,3,NA,NA,1932-06-09,1932,win,6
12 juin 1932,Roumanie - France,6-3,Match amical,Roumanie,3,6,NA,NA,1932-06-12,1932,loss,7
12 février 1933,France - Autriche,0-4,Match amical,Autriche,0,4,NA,NA,1933-02-12,1933,loss,1
19 mars 1933,Allemagne - France,3-3,Match amical,Allemagne,3,3,NA,NA,1933-03-19,1933,draw,2
26 mars 1933,France - Belgique,3-0,Match amical,Belgique,3,0,NA,NA,1933-03-26,1933,win,3
23 avril 1933,France - Espagne,1-0,Match amical,Espagne,1,0,NA,NA,1933-04-23,1933,win,4
25 mai 1933,France - Pays de Galles,1-1,Match amical,Pays de Galles,1,1,NA,NA,1933-05-25,1933,draw,5
10 juin 1933,Tchécoslovaquie - France,4-0,Match amical,Tchécoslovaquie,0,4,NA,NA,1933-06-10,1933,loss,6
6 décembre 1933,Angleterre - France,4-1,Match amical,Angleterre,1,4,NA,NA,1933-12-06,1933,loss,7
21 janvier 1934,Belgique - France,2-3,Match amical,Belgique,3,2,NA,NA,1934-01-21,1934,win,1
11 mars 1934,France - Suisse,0-1,Match amical,Suisse,0,1,NA,NA,1934-03-11,1934,loss,2
25 mars 1934,France - Tchécoslovaquie,1-2,Match amical,Tchécoslovaquie,1,2,NA,NA,1934-03-25,1934,loss,3
15 avril 1934,Luxembourg - France,1-6,Qualifications pour la Coupe du monde 1934,Luxembourg,6,1,NA,NA,1934-04-15,1934,win,4
10 mai 1934,Pays-Bas - France,4-5,Match amical,Pays-Bas,5,4,NA,NA,1934-05-10,1934,win,5
27 mai 1934,Autriche - France,3-2,Coupe du monde 1934 (Huitième de finale),Autriche,2,3,NA,NA,1934-05-27,1934,loss,6
6 décembre 1934,France - Royaume de Yougoslavie,3-2,Match amical,Royaume de Yougoslavie,3,2,NA,NA,1934-12-06,1934,win,7
27 janvier 1935,Espagne - France,2-0,Match amical,Espagne,0,2,NA,NA,1935-01-27,1935,loss,1
17 février 1935,Italie - France,2-1,Match amical,Italie,1,2,NA,NA,1935-02-17,1935,loss,2
17 mars 1935,France - Allemagne,1-3,Match amical,Allemagne,1,3,NA,NA,1935-03-17,1935,loss,3
14 avril 1935,Belgique - France,1-1,Match amical,Belgique,1,1,NA,NA,1935-04-14,1935,draw,4
19 mai 1935,France - Hongrie,2-0,Match amical,Hongrie,2,0,NA,NA,1935-05-19,1935,win,5
27 octobre 1935,Suisse - France,2-1,Match amical,Suisse,1,2,NA,NA,1935-10-27,1935,loss,6
10 novembre 1935,France - Suède,2-0,Match amical,Suède,2,0,NA,NA,1935-11-10,1935,win,7
12 janvier 1936,France - Pays-Bas,1-6,Match amical,Pays-Bas,1,6,NA,NA,1936-01-12,1936,loss,1
9 février 1936,France - Tchécoslovaquie,0-3,Match amical,Tchécoslovaquie,0,3,NA,NA,1936-02-09,1936,loss,2
8 mars 1936,France - Belgique,3-0,Match amical,Belgique,3,0,NA,NA,1936-03-08,1936,win,3
13 décembre 1936,France - Royaume de Yougoslavie,1-0,Match amical,Royaume de Yougoslavie,1,0,NA,NA,1936-12-13,1936,win,4
24 janvier 1937,France - Autriche,1-2,Match amical,Autriche,1,2,NA,NA,1937-01-24,1937,loss,1
21 février 1937,Belgique - France,3-1,Match amical,Belgique,1,3,NA,NA,1937-02-21,1937,loss,2
21 mars 1937,Allemagne - France,4-0,Match amical,Allemagne,0,4,NA,NA,1937-03-21,1937,loss,3
23 mai 1937,France - Irlande,0-2,Match amical,Irlande,0,2,NA,NA,1937-05-23,1937,loss,4
10 octobre 1937,France - Suisse,2-1,Match amical,Suisse,2,1,NA,NA,1937-10-10,1937,win,5
31 octobre 1937,Pays-Bas - France,2-3,Match amical,Pays-Bas,3,2,NA,NA,1937-10-31,1937,win,6
5 décembre 1937,Italie - France,0-0,Match amical,Italie,0,0,NA,NA,1937-12-05,1937,draw,7
30 janvier 1938,France - Belgique,5-3,Match amical,Belgique,5,3,NA,NA,1938-01-30,1938,win,1
24 mars 1938,France - Bulgarie,6-1,Match amical,Bulgarie,6,1,NA,NA,1938-03-24,1938,win,2
26 mai 1938,France - Angleterre,2-4,Match amical,Angleterre,2,4,NA,NA,1938-05-26,1938,loss,3
5 juin 1938,France - Belgique,3-1,Coupe du monde 1938 (Huitième de finale),Belgique,3,1,NA,NA,1938-06-05,1938,win,4
12 juin 1938,France - Italie,1-3,Coupe du monde 1938 (Quart de finale),Italie,1,3,NA,NA,1938-06-12,1938,loss,5
4 décembre 1938,Italie - France,1-0,Match amical,Italie,0,1,NA,NA,1938-12-04,1938,loss,6
22 janvier 1939,France - Pologne,4-0,Match amical,Pologne,4,0,NA,NA,1939-01-22,1939,win,1
16 mars 1939,France - Hongrie,2-2,Match amical,Hongrie,2,2,NA,NA,1939-03-16,1939,draw,2
18 mai 1939,Belgique - France,1-3,Match amical,Belgique,3,1,NA,NA,1939-05-18,1939,win,3
21 mai 1939,France - Pays de Galles,2-1,Match amical,Pays de Galles,2,1,NA,NA,1939-05-21,1939,win,4
28 janvier 1940,France - Portugal,3-2,Match amical,Portugal,3,2,NA,NA,1940-01-28,1940,win,1
8 mars 1942,France - Suisse,0-2,Match amical,Suisse,0,2,NA,NA,1942-03-08,1942,loss,1
15 mars 1942,Espagne - France,4-0,Match amical,Espagne,0,4,NA,NA,1942-03-15,1942,loss,2
24 décembre 1944,France - Belgique,3-1,Match amical,Belgique,3,1,NA,NA,1944-12-24,1944,win,1
8 avril 1945,Suisse - France,1-0,Match amical,Suisse,0,1,NA,NA,1945-04-08,1945,loss,1
26 mai 1945,Angleterre - France,2-2,Match amical,Angleterre,2,2,NA,NA,1945-05-26,1945,draw,2
6 décembre 1945,Autriche - France,4-1,Match amical,Autriche,1,4,NA,NA,1945-12-06,1945,loss,3
15 décembre 1945,Belgique - France,2-1,Match amical,Belgique,1,2,NA,NA,1945-12-15,1945,loss,4
7 avril 1946,France - Tchécoslovaquie,3-0,Match amical,Tchécoslovaquie,3,0,NA,NA,1946-04-07,1946,win,1
14 avril 1946,Portugal - France,2-1,Match amical,Portugal,1,2,NA,NA,1946-04-14,1946,loss,2
5 mai 1946,France - Autriche,3-1,Match amical,Autriche,3,1,NA,NA,1946-05-05,1946,win,3
19 mai 1946,France - Angleterre,2-1,Match amical,Angleterre,2,1,NA,NA,1946-05-19,1946,win,4
23 mars 1947,France - Portugal,1-0,Match amical,Portugal,1,0,NA,NA,1947-03-23,1947,win,1
3 mai 1947,Angleterre - France,3-0,Match amical,Angleterre,0,3,NA,NA,1947-05-03,1947,loss,2
26 mai 1947,France - Pays-Bas,4-0,Match amical,Pays-Bas,4,0,NA,NA,1947-05-26,1947,win,3
1er juin 1947,France - Belgique,4-2,Match amical,Belgique,4,2,NA,NA,1947-06-01,1947,win,4
8 juin 1947,Suisse - France,1-2,Match amical,Suisse,2,1,NA,NA,1947-06-08,1947,win,5
23 novembre 1947,Portugal - France,2-4,Match amical,Portugal,4,2,NA,NA,1947-11-23,1947,win,6
4 avril 1948,France - Italie,1-3,Match amical,Italie,1,3,NA,NA,1948-04-04,1948,loss,1
23 mai 1948,France - Écosse,3-0,Match amical,Écosse,3,0,NA,NA,1948-05-23,1948,win,2
6 juin 1948,Belgique - France,4-2,Match amical,Belgique,2,4,NA,NA,1948-06-06,1948,loss,3
12 juin 1948,Tchécoslovaquie - France,0-4,Match amical,Tchécoslovaquie,4,0,NA,NA,1948-06-12,1948,win,4
17 octobre 1948,France - Belgique,3-3,Match amical,Belgique,3,3,NA,NA,1948-10-17,1948,draw,5
23 avril 1949,Pays-Bas - France,4-1,Match amical,Pays-Bas,1,4,NA,NA,1949-04-23,1949,loss,1
27 avril 1949,Écosse - France,2-0,Match amical,Écosse,0,2,NA,NA,1949-04-27,1949,loss,2
22 mai 1949,France - Angleterre,1-3,Match amical,Angleterre,1,3,NA,NA,1949-05-22,1949,loss,3
4 juin 1949,France - Suisse,4-2,Match amical,Suisse,4,2,NA,NA,1949-06-04,1949,win,4
19 juin 1949,France - Espagne,1-5,Match amical,Espagne,1,5,NA,NA,1949-06-19,1949,loss,5
9 octobre 1949,Yougoslavie - France,1-1,Qualifications pour la Coupe du monde 1950,Yougoslavie,1,1,NA,NA,1949-10-09,1949,draw,6
30 octobre 1949,France - Yougoslavie,1-1,Qualifications pour la Coupe du monde 1950,Yougoslavie,1,1,NA,NA,1949-10-30,1949,draw,7
13 novembre 1949,France - Tchécoslovaquie,1-0,Match amical,Tchécoslovaquie,1,0,NA,NA,1949-11-13,1949,win,8
11 décembre 1949,Yougoslavie - France,3-2,"Qualifications pour la
Coupe du monde 1950 (Barrage)",Yougoslavie,2,3,NA,NA,1949-12-11,1949,loss,9
27 mai 1950,France - Écosse,0-1,Match amical,Écosse,0,1,NA,NA,1950-05-27,1950,loss,1
4 juin 1950,Belgique - France,4-1,Match amical,Belgique,1,4,NA,NA,1950-06-04,1950,loss,2
1er novembre 1950,France - Belgique,3-3,Match amical,Belgique,3,3,NA,NA,1950-11-01,1950,draw,3
10 décembre 1950,France - Pays-Bas,5-2,Match amical,Pays-Bas,5,2,NA,NA,1950-12-10,1950,win,4
6 février 1951,France - Yougoslavie,2-1,Match amical,Yougoslavie,2,1,NA,NA,1951-02-06,1951,win,1
12 mai 1951,Irlande du Nord - France,2-2,Match amical,Irlande du Nord,2,2,NA,NA,1951-05-12,1951,draw,2
16 mai 1951,Écosse - France,1-0,Match amical,Écosse,0,1,NA,NA,1951-05-16,1951,loss,3
3 juin 1951,Italie - France,4-1,Match amical,Italie,1,4,NA,NA,1951-06-03,1951,loss,4
3 octobre 1951,Angleterre - France,2-2,Match amical,Angleterre,2,2,NA,NA,1951-10-03,1951,draw,5
14 octobre 1951,Suisse - France,1-2,Match amical,Suisse,2,1,NA,NA,1951-10-14,1951,win,6
1er novembre 1951,France - Autriche,2-2,Match amical,Autriche,2,2,NA,NA,1951-11-01,1951,draw,7
26 mars 1952,France - Suède,0-1,Match amical,Suède,0,1,NA,NA,1952-03-26,1952,loss,1
20 avril 1952,France - Portugal,3-0,Match amical,Portugal,3,0,NA,NA,1952-04-20,1952,win,2
22 mai 1952,Belgique - France,1-2,Match amical,Belgique,2,1,NA,NA,1952-05-22,1952,win,3
5 octobre 1952,France - RFA,3-1,Match amical,RFA,3,1,NA,NA,1952-10-05,1952,win,4
19 octobre 1952,Autriche - France,1-2,Match amical,Autriche,2,1,NA,NA,1952-10-19,1952,win,5
11 novembre 1952,France - Irlande du Nord,3-1,Match amical,Irlande du Nord,3,1,NA,NA,1952-11-11,1952,win,6
16 novembre 1952,Irlande - France,1-1,Match amical,Irlande,1,1,NA,NA,1952-11-16,1952,draw,7
25 décembre 1952,France - Belgique,0-1,Match amical,Belgique,0,1,NA,NA,1952-12-25,1952,loss,8
14 mai 1953,France - Pays de Galles,6-1,Match amical,Pays de Galles,6,1,NA,NA,1953-05-14,1953,win,1
11 juin 1953,Suède - France,1-0,Match amical,Suède,0,1,NA,NA,1953-06-11,1953,loss,2
20 septembre 1953,Luxembourg - France,1-6,Qualifications pour la Coupe du monde 1954,Luxembourg,6,1,NA,NA,1953-09-20,1953,win,3
4 octobre 1953,Irlande - France,3-5,Qualifications pour la Coupe du monde 1954,Irlande,5,3,NA,NA,1953-10-04,1953,win,4
18 octobre 1953,Yougoslavie - France,3-1,Match amical,Yougoslavie,1,3,NA,NA,1953-10-18,1953,loss,5
11 novembre 1953,France - Suisse,2-4,Match amical,Suisse,2,4,NA,NA,1953-11-11,1953,loss,6
25 novembre 1953,France - Irlande,1-0,Qualifications pour la Coupe du monde 1954,Irlande,1,0,NA,NA,1953-11-25,1953,win,7
17 décembre 1953,France - Luxembourg,8-0,Qualifications pour la Coupe du monde 1954,Luxembourg,8,0,NA,NA,1953-12-17,1953,win,8
11 avril 1954,France - Italie,1-3,Match amical,Italie,1,3,NA,NA,1954-04-11,1954,loss,1
30 mai 1954,Belgique - France,3-3,Match amical,Belgique,3,3,NA,NA,1954-05-30,1954,draw,2
16 juin 1954,Yougoslavie - France,1-0,Coupe du monde 1954 (Groupe A),Yougoslavie,0,1,NA,NA,1954-06-16,1954,loss,3
19 juin 1954,France - Mexique,3-2,Coupe du monde 1954 (Groupe A),Mexique,3,2,NA,NA,1954-06-19,1954,win,4
16 octobre 1954,RFA - France,1-3,Match amical,RFA,3,1,NA,NA,1954-10-16,1954,win,5
11 novembre 1954,France - Belgique,2-2,Match amical,Belgique,2,2,NA,NA,1954-11-11,1954,draw,6
15 mars 1955,France - Angleterre,1-0,Match amical,Angleterre,1,0,NA,NA,1955-03-15,1955,win,1
17 mars 1955,Espagne - France,1-2,Match amical,Espagne,2,1,NA,NA,1955-03-17,1955,win,2
3 avril 1955,France - Suède,2-0,Match amical,Suède,2,0,NA,NA,1955-04-03,1955,win,3
9 octobre 1955,Suisse - France,1-2,Match amical,Suisse,2,1,NA,NA,1955-10-09,1955,win,4
23 octobre 1955,URSS - France,2-2,Match amical,URSS,2,2,NA,NA,1955-10-23,1955,draw,5
11 novembre 1955,France - Yougoslavie,1-1,Match amical,Yougoslavie,1,1,NA,NA,1955-11-11,1955,draw,6
25 décembre 1955,Belgique - France,2-1,Match amical,Belgique,1,2,NA,NA,1955-12-25,1955,loss,7
25 mars 1956,France - Autriche,3-1,Match amical,Autriche,3,1,NA,NA,1956-03-25,1956,win,1
5 mai 1956,Italie - France,2-0,Match amical,Italie,0,2,NA,NA,1956-05-05,1956,loss,2
7 octobre 1956,France - Hongrie,1-2,Match amical,Hongrie,1,2,NA,NA,1956-10-07,1956,loss,3
21 octobre 1956,France - URSS,2-1,Match amical,URSS,2,1,NA,NA,1956-10-21,1956,win,4
11 novembre 1956,France - Belgique,6-3,Qualifications pour la Coupe du monde 1958,Belgique,6,3,NA,NA,1956-11-11,1956,win,5
24 mars 1957,Portugal - France,0-1,Match amical,Portugal,1,0,NA,NA,1957-03-24,1957,win,1
2 juin 1957,France - Islande,8-0,Qualifications pour la Coupe du monde 1958,Islande,8,0,NA,NA,1957-06-02,1957,win,2
1er septembre 1957,Islande - France,1-5,Qualifications pour la Coupe du monde 1958,Islande,5,1,NA,NA,1957-09-01,1957,win,3
6 octobre 1957,Hongrie - France,2-0,Match amical,Hongrie,0,2,NA,NA,1957-10-06,1957,loss,4
27 octobre 1957,Belgique - France,0-0,Qualifications pour la Coupe du monde 1958,Belgique,0,0,NA,NA,1957-10-27,1957,draw,5
27 novembre 1957,Angleterre - France,4-0,Match amical,Angleterre,0,4,NA,NA,1957-11-27,1957,loss,6
25 décembre 1957,France - Bulgarie,2-2,Match amical,Bulgarie,2,2,NA,NA,1957-12-25,1957,draw,7
13 mars 1958,France - Espagne,2-2,Match amical,Espagne,2,2,NA,NA,1958-03-13,1958,draw,1
16 avril 1958,France - Suisse,0-0,Match amical,Suisse,0,0,NA,NA,1958-04-16,1958,draw,2
8 juin 1958,France - Paraguay,7-3,Coupe du monde 1958 (Groupe B),Paraguay,7,3,NA,NA,1958-06-08,1958,win,3
11 juin 1958,Yougoslavie - France,3-2,Coupe du monde 1958 (Groupe B),Yougoslavie,2,3,NA,NA,1958-06-11,1958,loss,4
15 juin 1958,France - Écosse,2-1,Coupe du monde 1958 (Groupe B),Écosse,2,1,NA,NA,1958-06-15,1958,win,5
19 juin 1958,France - Irlande du Nord,4-0,Coupe du monde 1958 (Quart de finale),Irlande du Nord,4,0,NA,NA,1958-06-19,1958,win,6
24 juin 1958,Brésil - France,5-2,Coupe du monde 1958 (Demi-finale),Brésil,2,5,NA,NA,1958-06-24,1958,loss,7
28 juin 1958,France - RFA,6-3,Coupe du monde 1958 (Petite finale),RFA,6,3,NA,NA,1958-06-28,1958,win,8
1er octobre 1958,France - Grèce,7-1,Qualifications pour l'Euro 1960,Grèce,7,1,NA,NA,1958-10-01,1958,win,9
5 octobre 1958,Autriche - France,1-2,Match amical,Autriche,2,1,NA,NA,1958-10-05,1958,win,10
26 octobre 1958,France - RFA,2-2,Match amical,RFA,2,2,NA,NA,1958-10-26,1958,draw,11
9 novembre 1958,France - Italie,2-2,Match amical,Italie,2,2,NA,NA,1958-11-09,1958,draw,12
3 décembre 1958,Grèce - France,1-1,Qualifications pour l'Euro 1960,Grèce,1,1,NA,NA,1958-12-03,1958,draw,13
1er mars 1959,France - Belgique,2-2,Match amical,Belgique,2,2,NA,NA,1959-03-01,1959,draw,1
11 octobre 1959,Bulgarie - France,1-0,Match amical,Bulgarie,0,1,NA,NA,1959-10-11,1959,loss,2
11 novembre 1959,France - Portugal,5-3,Match amical,Portugal,5,3,NA,NA,1959-11-11,1959,win,3
13 décembre 1959,France - Autriche,5-2,Qualifications pour l'Euro 1960,Autriche,5,2,NA,NA,1959-12-13,1959,win,4
17 décembre 1959,France - Espagne,4-3,Match amical,Espagne,4,3,NA,NA,1959-12-17,1959,win,5
28 février 1960,Belgique - France,1-0,Match amical,Belgique,0,1,NA,NA,1960-02-28,1960,loss,1
16 mars 1960,France - Chili,6-0,Match amical,Chili,6,0,NA,NA,1960-03-16,1960,win,2
27 mars 1960,Autriche - France,2-4,Qualifications pour l'Euro 1960,Autriche,4,2,NA,NA,1960-03-27,1960,win,3
6 juillet 1960,France - Yougoslavie,4-5,Euro 1960 (Demi-finale)[84],Yougoslavie,4,5,NA,NA,1960-07-06,1960,loss,4
9 juillet 1960,France - Tchécoslovaquie,0-2,Euro 1960 (Petite finale),Tchécoslovaquie,0,2,NA,NA,1960-07-09,1960,loss,5
25 septembre 1960,Finlande - France,1-2,Qualifications pour la Coupe du monde 1962,Finlande,2,1,NA,NA,1960-09-25,1960,win,6
28 septembre 1960,Pologne - France,2-2,Match amical,Pologne,2,2,NA,NA,1960-09-28,1960,draw,7
12 octobre 1960,Suisse - France,6-2,Match amical,Suisse,2,6,NA,NA,1960-10-12,1960,loss,8
30 octobre 1960,Suède - France,1-0,Match amical,Suède,0,1,NA,NA,1960-10-30,1960,loss,9
11 décembre 1960,France - Bulgarie,3-0,Qualifications pour la Coupe du monde 1962,Bulgarie,3,0,NA,NA,1960-12-11,1960,win,10
15 mars 1961,France - Belgique,1-1,Match amical,Belgique,1,1,NA,NA,1961-03-15,1961,draw,1
2 avril 1961,Espagne - France,2-0,Match amical,Espagne,0,2,NA,NA,1961-04-02,1961,loss,2
28 septembre 1961,France - Finlande,5-1,Qualifications pour la Coupe du monde 1962,Finlande,5,1,NA,NA,1961-09-28,1961,win,3
18 octobre 1961,Belgique - France,3-0,Match amical,Belgique,0,3,NA,NA,1961-10-18,1961,loss,4
12 novembre 1961,Bulgarie - France,1-0,Qualifications pour la Coupe du monde 1962,Bulgarie,0,1,NA,NA,1961-11-12,1961,loss,5
10 décembre 1961,France - Espagne,1-1,Match amical,Espagne,1,1,NA,NA,1961-12-10,1961,draw,6
16 décembre 1961,Bulgarie - France,1-0,Qualifications pour la Coupe du monde 1962 (Barrage),Bulgarie,0,1,NA,NA,1961-12-16,1961,loss,7
11 avril 1962,France - Pologne,1-3,Match amical,Pologne,1,3,NA,NA,1962-04-11,1962,loss,1
5 mai 1962,Italie - France,2-1,Match amical,Italie,1,2,NA,NA,1962-05-05,1962,loss,2
20 octobre 1962,Angleterre - France,1-1,Qualifications pour l'Euro 1964,Angleterre,1,1,NA,NA,1962-10-20,1962,draw,3
24 octobre 1962,RFA - France,2-2,Match amical,RFA,2,2,NA,NA,1962-10-24,1962,draw,4
11 novembre 1962,France - Hongrie,2-3,Match amical,Hongrie,2,3,NA,NA,1962-11-11,1962,loss,5
9 janvier 1963,Espagne - France,0-0,Match amical,Espagne,0,0,NA,NA,1963-01-09,1963,draw,1
27 février 1963,France - Angleterre,5-2,Qualifications pour l'Euro 1964,Angleterre,5,2,NA,NA,1963-02-27,1963,win,2
17 avril 1963,Pays-Bas - France,1-0,Match amical,Pays-Bas,0,1,NA,NA,1963-04-17,1963,loss,3
28 avril 1963,France - Brésil,2-3,Match amical,Brésil,2,3,NA,NA,1963-04-28,1963,loss,4
29 septembre 1963,Bulgarie - France,1-0,Qualifications pour l'Euro 1964,Bulgarie,0,1,NA,NA,1963-09-29,1963,loss,5
26 octobre 1963,France - Bulgarie,3-1,Qualifications pour l'Euro 1964,Bulgarie,3,1,NA,NA,1963-10-26,1963,win,6
11 novembre 1963,France - Suisse,2-2,Match amical,Suisse,2,2,NA,NA,1963-11-11,1963,draw,7
25 décembre 1963,France - Belgique,1-2,Match amical,Belgique,1,2,NA,NA,1963-12-25,1963,loss,8
25 avril 1964,France - Hongrie,1-3,Qualifications pour l'Euro 1964,Hongrie,1,3,NA,NA,1964-04-25,1964,loss,1
23 mai 1964,Hongrie - France,2-1,Qualifications pour l'Euro 1964,Hongrie,1,2,NA,NA,1964-05-23,1964,loss,2
4 octobre 1964,Luxembourg - France,0-2,Qualifications pour la Coupe du monde 1966,Luxembourg,2,0,NA,NA,1964-10-04,1964,win,3
11 novembre 1964,France - Norvège,1-0,Qualifications pour la Coupe du monde 1966,Norvège,1,0,NA,NA,1964-11-11,1964,win,4
2 décembre 1964,Belgique - France,3-0,Match amical,Belgique,0,3,NA,NA,1964-12-02,1964,loss,5
24 mars 1965,France - Autriche,1-2,Match amical,Autriche,1,2,NA,NA,1965-03-24,1965,loss,1
18 avril 1965,Yougoslavie - France,1-0,Qualifications pour la Coupe du monde 1966,Yougoslavie,0,1,NA,NA,1965-04-18,1965,loss,2
3 juin 1965,France - Argentine,0-0,Match amical,Argentine,0,0,NA,NA,1965-06-03,1965,draw,3
15 septembre 1965,Norvège - France,0-1,Qualifications pour la Coupe du monde 1966,Norvège,1,0,NA,NA,1965-09-15,1965,win,4
9 octobre 1965,France - Yougoslavie,1-0,Qualifications pour la Coupe du monde 1966,Yougoslavie,1,0,NA,NA,1965-10-09,1965,win,5
6 novembre 1965,France - Luxembourg,4-1,Qualifications pour la Coupe du monde 1966,Luxembourg,4,1,NA,NA,1965-11-06,1965,win,6
19 mars 1966,France - Italie,0-0,Match amical,Italie,0,0,NA,NA,1966-03-19,1966,draw,1
20 avril 1966,France - Belgique,0-3,Match amical,Belgique,0,3,NA,NA,1966-04-20,1966,loss,2
6 juin 1966,URSS - France,3-3,Match amical,URSS,3,3,NA,NA,1966-06-06,1966,draw,3
13 juillet 1966,France - Mexique,1-1,Coupe du monde 1966 (Groupe A),Mexique,1,1,NA,NA,1966-07-13,1966,draw,4
15 juillet 1966,Uruguay - France,2-1,Coupe du monde 1966 (Groupe A),Uruguay,1,2,NA,NA,1966-07-15,1966,loss,5
20 juillet 1966,Angleterre - France,2-0,Coupe du monde 1966 (Groupe A),Angleterre,0,2,NA,NA,1966-07-20,1966,loss,6
28 septembre 1966,Hongrie - France,4-2,Match amical,Hongrie,2,4,NA,NA,1966-09-28,1966,loss,7
22 octobre 1966,France - Pologne,2-1,Qualifications pour l'Euro 1968,Pologne,2,1,NA,NA,1966-10-22,1966,win,8
11 novembre 1966,Belgique - France,2-1,Qualifications pour l'Euro 1968,Belgique,1,2,NA,NA,1966-11-11,1966,loss,9
26 novembre 1966,Luxembourg - France,0-3,Qualifications pour l'Euro 1968,Luxembourg,3,0,NA,NA,1966-11-26,1966,win,10
22 mars 1967,France - Roumanie,1-2,Match amical,Roumanie,1,2,NA,NA,1967-03-22,1967,loss,1
3 juin 1967,France - URSS,2-4,Match amical,URSS,2,4,NA,NA,1967-06-03,1967,loss,2
17 septembre 1967,Pologne - France,1-4,Qualifications pour l'Euro 1968,Pologne,4,1,NA,NA,1967-09-17,1967,win,3
27 septembre 1967,RFA - France,5-1,Match amical,RFA,1,5,NA,NA,1967-09-27,1967,loss,4
28 octobre 1967,France - Belgique,1-1,Qualifications pour l'Euro 1968,Belgique,1,1,NA,NA,1967-10-28,1967,draw,5
23 décembre 1967,France - Luxembourg,3-1,Qualifications pour l'Euro 1968,Luxembourg,3,1,NA,NA,1967-12-23,1967,win,6
6 avril 1968,France - Yougoslavie,1-1,Qualifications pour l'Euro 1968,Yougoslavie,1,1,NA,NA,1968-04-06,1968,draw,1
24 avril 1968,Yougoslavie - France,5-1,Qualifications pour l'Euro 1968,Yougoslavie,1,5,NA,NA,1968-04-24,1968,loss,2
25 septembre 1968,France - RFA,1-1,Match amical,RFA,1,1,NA,NA,1968-09-25,1968,draw,3
17 octobre 1968,France - Espagne,1-3,Match amical,Espagne,1,3,NA,NA,1968-10-17,1968,loss,4
6 novembre 1968,France - Norvège,0-1,Qualifications pour la Coupe du monde 1970,Norvège,0,1,NA,NA,1968-11-06,1968,loss,5
12 mars 1969,Angleterre - France,5-0,Match amical,Angleterre,0,5,NA,NA,1969-03-12,1969,loss,1
30 avril 1969,France - Roumanie,1-0,Match amical,Roumanie,1,0,NA,NA,1969-04-30,1969,win,2
10 septembre 1969,Norvège - France,1-3,Qualifications pour la Coupe du monde 1970,Norvège,3,1,NA,NA,1969-09-10,1969,win,3
15 octobre 1969,Suède - France,2-0,Qualifications pour la Coupe du monde 1970,Suède,0,2,NA,NA,1969-10-15,1969,loss,4
1er novembre 1969,France - Suède,3-0,Qualifications pour la Coupe du monde 1970,Suède,3,0,NA,NA,1969-11-01,1969,win,5
8 avril 1970,France - Bulgarie,1-1,Match amical,Bulgarie,1,1,NA,NA,1970-04-08,1970,draw,1
28 avril 1970,France - Roumanie,2-0,Match amical,Roumanie,2,0,NA,NA,1970-04-28,1970,win,2
3 mai 1970,Suisse - France,2-1,Match amical,Suisse,1,2,NA,NA,1970-05-03,1970,loss,3
5 septembre 1970,France - Tchécoslovaquie,3-0,Match amical,Tchécoslovaquie,3,0,NA,NA,1970-09-05,1970,win,4
7 octobre 1970,Autriche - France,1-0,Match amical,Autriche,0,1,NA,NA,1970-10-07,1970,loss,5
11 novembre 1970,France - Norvège,3-1,Qualifications pour l'Euro 1972,Norvège,3,1,NA,NA,1970-11-11,1970,win,6
15 novembre 1970,Belgique - France,1-2,Match amical,Belgique,2,1,NA,NA,1970-11-15,1970,win,7
8 janvier 1971,Argentine - France,3-4,Match amical,Argentine,4,3,NA,NA,1971-01-08,1971,win,1
12 janvier 1971,Argentine - France,2-0,Match amical,Argentine,0,2,NA,NA,1971-01-12,1971,loss,2
17 mars 1971,Espagne - France,2-2,Match amical,Espagne,2,2,NA,NA,1971-03-17,1971,draw,3
24 avril 1971,Hongrie - France,1-1,Qualifications pour l'Euro 1972,Hongrie,1,1,NA,NA,1971-04-24,1971,draw,4
8 septembre 1971,Norvège - France,1-3,Qualifications pour l'Euro 1972,Norvège,3,1,NA,NA,1971-09-08,1971,win,5
9 octobre 1971,France - Hongrie,0-2,Qualifications pour l'Euro 1972,Hongrie,0,2,NA,NA,1971-10-09,1971,loss,6
10 novembre 1971,France - Bulgarie,2-1,Qualifications pour l'Euro 1972,Bulgarie,2,1,NA,NA,1971-11-10,1971,win,7
4 décembre 1971,Bulgarie - France,2-1,Qualifications pour l'Euro 1972,Bulgarie,1,2,NA,NA,1971-12-04,1971,loss,8
8 avril 1972,Roumanie - France,2-0,Match amical,Roumanie,0,2,NA,NA,1972-04-08,1972,loss,1
11 juin 1972,France - CONCACAF,5-0,Coupe de l'Indépendance du Brésil,CONCACAF,5,0,NA,NA,1972-06-11,1972,win,2
15 juin 1972,France - Afrique,2-0,Coupe de l'Indépendance du Brésil,Afrique,2,0,NA,NA,1972-06-15,1972,win,3
18 juin 1972,France - Colombie,3-2,Coupe de l'Indépendance du Brésil,Colombie,3,2,NA,NA,1972-06-18,1972,win,4
25 juin 1972,Argentine - France,0-0,Coupe de l'Indépendance du Brésil,Argentine,0,0,NA,NA,1972-06-25,1972,draw,5
2 septembre 1972,Grèce - France,1-3,Match amical,Grèce,3,1,NA,NA,1972-09-02,1972,win,6
13 octobre 1972,France - URSS,1-0,Qualifications pour la Coupe du monde 1974,URSS,1,0,NA,NA,1972-10-13,1972,win,7
15 novembre 1972,Irlande - France,2-1,Qualifications pour la Coupe du monde 1974,Irlande,1,2,NA,NA,1972-11-15,1972,loss,8
3 mars 1973,France - Portugal,1-2,Match amical,Portugal,1,2,NA,NA,1973-03-03,1973,loss,1
19 mai 1973,France - Irlande,1-1,Qualifications pour la Coupe du monde 1974,Irlande,1,1,NA,NA,1973-05-19,1973,draw,2
26 mai 1973,URSS- France,2-0,Qualifications pour la Coupe du monde 1974,URSS- France,0,2,NA,NA,1973-05-26,1973,loss,3
8 septembre 1973,France - Grèce,3-1,Match amical,Grèce,3,1,NA,NA,1973-09-08,1973,win,4
13 octobre 1973,RFA - France,2-1,Match amical,RFA,1,2,NA,NA,1973-10-13,1973,loss,5
21 novembre 1973,France - Danemark,3-0,Match amical,Danemark,3,0,NA,NA,1973-11-21,1973,win,6
23 mars 1974,France - Roumanie,1-0,Match amical,Roumanie,1,0,NA,NA,1974-03-23,1974,win,1
27 avril 1974,Tchécoslovaquie - France,3-3,Match amical,Tchécoslovaquie,3,3,NA,NA,1974-04-27,1974,draw,2
18 mai 1974,France - Argentine,0-1,Match amical,Argentine,0,1,NA,NA,1974-05-18,1974,loss,3
7 septembre 1974,Pologne - France,0-2,Match amical,Pologne,2,0,NA,NA,1974-09-07,1974,win,4
12 octobre 1974,Belgique - France,2-1,Qualifications pour l'Euro 1976,Belgique,1,2,NA,NA,1974-10-12,1974,loss,5
16 novembre 1974,France - RDA,2-2,Qualifications pour l'Euro 1976,RDA,2,2,NA,NA,1974-11-16,1974,draw,6
26 mars 1975,France - Hongrie,2-0,Match amical,Hongrie,2,0,NA,NA,1975-03-26,1975,win,1
26 avril 1975,France - Portugal,0-2,Match amical,Portugal,0,2,NA,NA,1975-04-26,1975,loss,2
25 mai 1975,Islande - France,0-0,Qualifications pour l'Euro 1976,Islande,0,0,NA,NA,1975-05-25,1975,draw,3
3 septembre 1975,France - Islande,3-0,Qualifications pour l'Euro 1976,Islande,3,0,NA,NA,1975-09-03,1975,win,4
10 octobre 1975,RDA - France,2-1,Qualifications pour l'Euro 1976,RDA,1,2,NA,NA,1975-10-10,1975,loss,5
15 novembre 1975,France - Belgique,0-0,Qualifications pour l'Euro 1976,Belgique,0,0,NA,NA,1975-11-15,1975,draw,6
27 mars 1976,France - Tchécoslovaquie,2-2,Match amical,Tchécoslovaquie,2,2,NA,NA,1976-03-27,1976,draw,1
24 avril 1976,France - Pologne,2-0,Match amical,Pologne,2,0,NA,NA,1976-04-24,1976,win,2
22 mai 1976,Hongrie - France,1-0,Match amical,Hongrie,0,1,NA,NA,1976-05-22,1976,loss,3
1er septembre 1976,Danemark - France,1-1,Match amical,Danemark,1,1,NA,NA,1976-09-01,1976,draw,4
9 octobre 1976,Bulgarie - France,2-2,Qualifications pour la Coupe du monde 1978,Bulgarie,2,2,NA,NA,1976-10-09,1976,draw,5
17 novembre 1976,France - Irlande,2-0,Qualifications pour la Coupe du monde 1978,Irlande,2,0,NA,NA,1976-11-17,1976,win,6
23 février 1977,France - RFA,1-0,Match amical,RFA,1,0,NA,NA,1977-02-23,1977,win,1
30 mars 1977,Irlande - France,1-0,Qualifications pour la Coupe du monde 1978,Irlande,0,1,NA,NA,1977-03-30,1977,loss,2
23 avril 1977,Suisse - France,0-4,Match amical,Suisse,4,0,NA,NA,1977-04-23,1977,win,3
26 juin 1977,Argentine - France,0-0,Match amical,Argentine,0,0,NA,NA,1977-06-26,1977,draw,4
30 juin 1977,Brésil - France,2-2,Match amical,Brésil,2,2,NA,NA,1977-06-30,1977,draw,5
8 octobre 1977,France - URSS,0-0,Match amical,URSS,0,0,NA,NA,1977-10-08,1977,draw,6
16 novembre 1977,France - Bulgarie,3-1,Qualifications pour la Coupe du monde 1978,Bulgarie,3,1,NA,NA,1977-11-16,1977,win,7
8 février 1978,Italie - France,2-2,Match amical,Italie,2,2,NA,NA,1978-02-08,1978,draw,1
8 mars 1978,France - Portugal,2-0,Match amical,Portugal,2,0,NA,NA,1978-03-08,1978,win,2
1er avril 1978,France - Brésil,1-0,Match amical,Brésil,1,0,NA,NA,1978-04-01,1978,win,3
11 mai 1978,France - Iran,2-1,Match amical,Iran,2,1,NA,NA,1978-05-11,1978,win,4
19 mai 1978,France - Tunisie,2-0,Match amical,Tunisie,2,0,NA,NA,1978-05-19,1978,win,5
2 juin 1978,Italie - France,2-1,Coupe du monde 1978 (Groupe 1),Italie,1,2,NA,NA,1978-06-02,1978,loss,6
6 juin 1978,Argentine - France,2-1,Coupe du monde 1978 (Groupe 1),Argentine,1,2,NA,NA,1978-06-06,1978,loss,7
10 juin 1978,France - Hongrie,3-1,Coupe du monde 1978 (Groupe 1),Hongrie,3,1,NA,NA,1978-06-10,1978,win,8
1er septembre 1978,France - Suède,2-2,Qualifications pour l'Euro 1980,Suède,2,2,NA,NA,1978-09-01,1978,draw,9
7 octobre 1978,Luxembourg - France,1-3,Qualifications pour l'Euro 1980,Luxembourg,3,1,NA,NA,1978-10-07,1978,win,10
8 novembre 1978,France - Espagne,1-0,Match amical,Espagne,1,0,NA,NA,1978-11-08,1978,win,11
25 février 1979,France - Luxembourg,3-0,Qualifications pour l'Euro 1980,Luxembourg,3,0,NA,NA,1979-02-25,1979,win,1
4 avril 1979,Tchécoslovaquie - France,2-0,Qualifications pour l'Euro 1980,Tchécoslovaquie,0,2,NA,NA,1979-04-04,1979,loss,2
2 mai 1979,États-Unis - France,0-6,Match amical,États-Unis,6,0,NA,NA,1979-05-02,1979,win,3
5 septembre 1979,Suède - France,1-3,Qualifications pour l'Euro 1980,Suède,3,1,NA,NA,1979-09-05,1979,win,4
10 octobre 1979,France - États-Unis,3-0,Match amical,États-Unis,3,0,NA,NA,1979-10-10,1979,win,5
17 novembre 1979,France - Tchécoslovaquie,2-1,Qualifications pour l'Euro 1980,Tchécoslovaquie,2,1,NA,NA,1979-11-17,1979,win,6
27 février 1980,France - Grèce,5-1,Match amical,Grèce,5,1,NA,NA,1980-02-27,1980,win,1
26 mars 1980,France - Pays-Bas,0-0,Match amical,Pays-Bas,0,0,NA,NA,1980-03-26,1980,draw,2
23 mai 1980,URSS- France,1-0,Match amical,URSS- France,0,1,NA,NA,1980-05-23,1980,loss,3
11 octobre 1980,Chypre - France,0-7,Qualifications pour la Coupe du monde 1982,Chypre,7,0,NA,NA,1980-10-11,1980,win,4
28 octobre 1980,France - Irlande,2-0,Qualifications pour la Coupe du monde 1982,Irlande,2,0,NA,NA,1980-10-28,1980,win,5
19 novembre 1980,RFA - France,4-1,Match amical,RFA,1,4,NA,NA,1980-11-19,1980,loss,6
18 février 1981,Espagne - France,1-0,Match amical,Espagne,0,1,NA,NA,1981-02-18,1981,loss,1
25 mars 1981,Pays-Bas - France,1-0,Qualifications pour la Coupe du monde 1982,Pays-Bas,0,1,NA,NA,1981-03-25,1981,loss,2
29 avril 1981,France - Belgique,3-2,Qualifications pour la Coupe du monde 1982,Belgique,3,2,NA,NA,1981-04-29,1981,win,3
15 mai 1981,France - Brésil,1-3,Match amical,Brésil,1,3,NA,NA,1981-05-15,1981,loss,4
9 septembre 1981,Belgique - France,2-0,Qualifications pour la Coupe du monde 1982,Belgique,0,2,NA,NA,1981-09-09,1981,loss,5
14 octobre 1981,Irlande - France,3-2,Qualifications pour la Coupe du monde 1982,Irlande,2,3,NA,NA,1981-10-14,1981,loss,6
18 novembre 1981,France - Pays-Bas,2-0,Qualifications pour la Coupe du monde 1982,Pays-Bas,2,0,NA,NA,1981-11-18,1981,win,7
5 décembre 1981,France - Chypre,4-0,Qualifications pour la Coupe du monde 1982,Chypre,4,0,NA,NA,1981-12-05,1981,win,8
23 février 1982,France - Italie,2-0,Match amical,Italie,2,0,NA,NA,1982-02-23,1982,win,1
24 mars 1982,France - Irlande du Nord,4-0,Match amical,Irlande du Nord,4,0,NA,NA,1982-03-24,1982,win,2
28 avril 1982,France - Pérou,0-1,Match amical,Pérou,0,1,NA,NA,1982-04-28,1982,loss,3
15 mai 1982,France - Bulgarie,0-0,Match amical,Bulgarie,0,0,NA,NA,1982-05-15,1982,draw,4
2 juin 1982,France - Pays de Galles,0-1,Match amical,Pays de Galles,0,1,NA,NA,1982-06-02,1982,loss,5
16 juin 1982,Angleterre - France,3-1,Coupe du monde 1982 (Groupe 4),Angleterre,1,3,NA,NA,1982-06-16,1982,loss,6
21 juin 1982,France - Koweït,4-1,Coupe du monde 1982 (Groupe 4),Koweït,4,1,NA,NA,1982-06-21,1982,win,7
24 juin 1982,France - Tchécoslovaquie,1-1,Coupe du monde 1982 (Groupe 4),Tchécoslovaquie,1,1,NA,NA,1982-06-24,1982,draw,8
28 juin 1982,France - Autriche,1-0,Coupe du monde 1982 (Groupe 4 - Second tour),Autriche,1,0,NA,NA,1982-06-28,1982,win,9
4 juillet 1982,France - Irlande du Nord,4-1,Coupe du monde 1982 (Groupe 4 - Second tour),Irlande du Nord,4,1,NA,NA,1982-07-04,1982,win,10
8 juillet 1982,RFA - France [6],3-3 ap(5-4) tab,Coupe du monde 1982 (Demi-finale),RFA,3,3,4,5,1982-07-08,1982,draw,11
10 juillet 1982,Pologne - France,3-2,Coupe du monde 1982 (Petite finale),Pologne,2,3,NA,NA,1982-07-10,1982,loss,12
31 août 1982,France - Pologne,0-4,Match amical,Pologne,0,4,NA,NA,1982-08-31,1982,loss,13
6 octobre 1982,France - Hongrie,1-0,Match amical,Hongrie,1,0,NA,NA,1982-10-06,1982,win,14
10 novembre 1982,Pays-Bas - France,1-2,Match amical,Pays-Bas,2,1,NA,NA,1982-11-10,1982,win,15
16 février 1983,Portugal - France,0-3,Match amical,Portugal,3,0,NA,NA,1983-02-16,1983,win,1
23 mars 1983,France - URSS,1-1,Match amical,URSS,1,1,NA,NA,1983-03-23,1983,draw,2
23 avril 1983,France - Yougoslavie,4-0,Match amical,Yougoslavie,4,0,NA,NA,1983-04-23,1983,win,3
31 mai 1983,Belgique - France[29],1-1,Match amical,Belgique,1,1,NA,NA,1983-05-31,1983,draw,4
7 septembre 1983,Danemark - France,3-1,Match amical,Danemark,1,3,NA,NA,1983-09-07,1983,loss,5
5 octobre 1983,France - Espagne,1-1,Match amical,Espagne,1,1,NA,NA,1983-10-05,1983,draw,6
12 novembre 1983,Yougoslavie - France,0-0,Match amical,Yougoslavie,0,0,NA,NA,1983-11-12,1983,draw,7
29 février 1984,France - Angleterre,2-0,Match amical,Angleterre,2,0,NA,NA,1984-02-29,1984,win,1
28 mars 1984,France - Autriche,1-0,Match amical,Autriche,1,0,NA,NA,1984-03-28,1984,win,2
18 avril 1984,France - RFA,1-0,Match amical,RFA,1,0,NA,NA,1984-04-18,1984,win,3
1er juin 1984,France - Écosse,2-0,Match amical,Écosse,2,0,NA,NA,1984-06-01,1984,win,4
12 juin 1984,France - Danemark,1-0,Euro 1984 (Groupe A),Danemark,1,0,NA,NA,1984-06-12,1984,win,5
16 juin 1984,France - Belgique,5-0,Euro 1984 (Groupe A),Belgique,5,0,NA,NA,1984-06-16,1984,win,6
19 juin 1984,France - Yougoslavie,3-2,Euro 1984 (Groupe A),Yougoslavie,3,2,NA,NA,1984-06-19,1984,win,7
23 juin 1984,France - Portugal,3-2 ap,Euro 1984 (Demi-finale),Portugal,3,2,NA,NA,1984-06-23,1984,win,8
27 juin 1984,France - Espagne,2-0,Euro 1984 (Finale),Espagne,2,0,NA,NA,1984-06-27,1984,win,9
13 octobre 1984,Luxembourg - France,0-4,Qualifications pour la Coupe du monde 1986,Luxembourg,4,0,NA,NA,1984-10-13,1984,win,10
21 novembre 1984,France - Bulgarie,1-0,Qualifications pour la Coupe du monde 1986,Bulgarie,1,0,NA,NA,1984-11-21,1984,win,11
8 décembre 1984,France - RDA,2-0,Qualifications pour la Coupe du monde 1986,RDA,2,0,NA,NA,1984-12-08,1984,win,12
3 avril 1985,Yougoslavie - France,0-0,Qualifications pour la Coupe du monde 1986,Yougoslavie,0,0,NA,NA,1985-04-03,1985,draw,1
2 mai 1985,Bulgarie - France,2-0,Qualifications pour la Coupe du monde 1986,Bulgarie,0,2,NA,NA,1985-05-02,1985,loss,2
21 août 1985,France - Uruguay,2-0,Coupe intercontinentale 1985,Uruguay,2,0,NA,NA,1985-08-21,1985,win,3
11 septembre 1985,RDA - France,2-0,Qualifications pour la Coupe du monde 1986,RDA,0,2,NA,NA,1985-09-11,1985,loss,4
30 octobre 1985,France - Luxembourg,6-0,Qualifications pour la Coupe du monde 1986,Luxembourg,6,0,NA,NA,1985-10-30,1985,win,5
16 novembre 1985,France - Yougoslavie,2-0,Qualifications pour la Coupe du monde 1986,Yougoslavie,2,0,NA,NA,1985-11-16,1985,win,6
26 février 1986,France - Irlande du Nord,0-0,Match amical,Irlande du Nord,0,0,NA,NA,1986-02-26,1986,draw,1
26 mars 1986,France - Argentine,2-0,Match amical,Argentine,2,0,NA,NA,1986-03-26,1986,win,2
1er juin 1986,France - Canada,1-0,Coupe du monde 1986 (Groupe C),Canada,1,0,NA,NA,1986-06-01,1986,win,3
5 juin 1986,France - URSS,1-1,Coupe du monde 1986 (Groupe C),URSS,1,1,NA,NA,1986-06-05,1986,draw,4
9 juin 1986,France - Hongrie,3-0,Coupe du monde 1986 (Groupe C),Hongrie,3,0,NA,NA,1986-06-09,1986,win,5
17 juin 1986,France - Italie,2-0,Coupe du monde 1986 (Huitième de finale),Italie,2,0,NA,NA,1986-06-17,1986,win,6
21 juin 1986,Brésil - France,1-1 ap(3-4) tab,Coupe du monde 1986 (Quart de finale),Brésil,1,1,4,3,1986-06-21,1986,draw,7
25 juin 1986,France - RFA,0-2,Coupe du monde 1986 (Demi-finale),RFA,0,2,NA,NA,1986-06-25,1986,loss,8
28 juin 1986,France - Belgique,4-2,Coupe du monde 1986 (Petite finale),Belgique,4,2,NA,NA,1986-06-28,1986,win,9
19 août 1986,Suisse - France,2-0,Match amical,Suisse,0,2,NA,NA,1986-08-19,1986,loss,10
10 septembre 1986,Islande - France,0-0,Qualifications pour l'Euro 1988,Islande,0,0,NA,NA,1986-09-10,1986,draw,11
11 octobre 1986,France - URSS,0-2,Qualifications pour l'Euro 1988,URSS,0,2,NA,NA,1986-10-11,1986,loss,12
19 novembre 1986,RDA - France,0-0,Qualifications pour l'Euro 1988,RDA,0,0,NA,NA,1986-11-19,1986,draw,13
29 avril 1987,France - Islande,2-0,Qualifications pour l'Euro 1988,Islande,2,0,NA,NA,1987-04-29,1987,win,1
16 juin 1987,Norvège - France,2-0,Qualifications pour l'Euro 1988,Norvège,0,2,NA,NA,1987-06-16,1987,loss,2
12 août 1987,RFA - France,2-1,Match amical,RFA,1,2,NA,NA,1987-08-12,1987,loss,3
9 septembre 1987,URSS - France,1-1,Qualifications pour l'Euro 1988,URSS,1,1,NA,NA,1987-09-09,1987,draw,4
14 octobre 1987,France - Norvège,1-1,Qualifications pour l'Euro 1988,Norvège,1,1,NA,NA,1987-10-14,1987,draw,5
18 novembre 1987,France - RDA,0-1,Qualifications pour l'Euro 1988,RDA,0,1,NA,NA,1987-11-18,1987,loss,6
27 janvier 1988,Israël - France,1-1,Match amical,Israël,1,1,NA,NA,1988-01-27,1988,draw,1
2 février 1988,France - Suisse,2-1,Tournoi de France 1988 (amical),Suisse,2,1,NA,NA,1988-02-02,1988,win,2
5 février 1988,France - Maroc,2-1,Tournoi de France 1988 (amical),Maroc,2,1,NA,NA,1988-02-05,1988,win,3
23 mars 1988,France - Espagne,2-1,Match amical,Espagne,2,1,NA,NA,1988-03-23,1988,win,4
27 avril 1988,Irlande du Nord - France,0-0,Match amical,Irlande du Nord,0,0,NA,NA,1988-04-27,1988,draw,5
24 août 1988,France - Tchécoslovaquie,1-1,Match amical,Tchécoslovaquie,1,1,NA,NA,1988-08-24,1988,draw,6
28 septembre 1988,France - Norvège,1-0,Qualifications pour la Coupe du monde 1990,Norvège,1,0,NA,NA,1988-09-28,1988,win,7
22 octobre 1988,Chypre - France,1-1,Qualifications pour la Coupe du monde 1990,Chypre,1,1,NA,NA,1988-10-22,1988,draw,8
19 novembre 1988,Yougoslavie - France,3-2,Qualifications pour la Coupe du monde 1990,Yougoslavie,2,3,NA,NA,1988-11-19,1988,loss,9
7 février 1989,Irlande - France,0-0,Match amical,Irlande,0,0,NA,NA,1989-02-07,1989,draw,1
8 mars 1989,Écosse - France,2-0,Qualifications pour la Coupe du monde 1990,Écosse,0,2,NA,NA,1989-03-08,1989,loss,2
29 avril 1989,France - Yougoslavie,0-0,Qualifications pour la Coupe du monde 1990,Yougoslavie,0,0,NA,NA,1989-04-29,1989,draw,3
16 août 1989,Suède - France,2-4,Match amical,Suède,4,2,NA,NA,1989-08-16,1989,win,4
5 septembre 1989,Norvège - France,1-1,Qualifications pour la Coupe du monde 1990,Norvège,1,1,NA,NA,1989-09-05,1989,draw,5
11 octobre 1989,France - Écosse,3-0,Qualifications pour la Coupe du monde 1990,Écosse,3,0,NA,NA,1989-10-11,1989,win,6
18 novembre 1989,France - Chypre,2-0,Qualifications pour la Coupe du monde 1990,Chypre,2,0,NA,NA,1989-11-18,1989,win,7
21 janvier 1990,Koweït - France,0-1,Tournoi du Koweït 1990 (amical),Koweït,1,0,NA,NA,1990-01-21,1990,win,1
24 janvier 1990,France - RDA,3-0,Tournoi du Koweït 1990 (amical),RDA,3,0,NA,NA,1990-01-24,1990,win,2
28 février 1990,France - RFA,2-1,Match amical,RFA,2,1,NA,NA,1990-02-28,1990,win,3
28 mars 1990,Hongrie - France,1-3,Match amical,Hongrie,3,1,NA,NA,1990-03-28,1990,win,4
15 août 1990,France - Pologne,0-0,Match amical,Pologne,0,0,NA,NA,1990-08-15,1990,draw,5
5 septembre 1990,Islande - France,1-2,Qualifications pour l'Euro 1992,Islande,2,1,NA,NA,1990-09-05,1990,win,6
13 octobre 1990,France - Tchécoslovaquie,2-1,Qualifications pour l'Euro 1992,Tchécoslovaquie,2,1,NA,NA,1990-10-13,1990,win,7
17 novembre 1990,Albanie - France,0-1,Qualifications pour l'Euro 1992,Albanie,1,0,NA,NA,1990-11-17,1990,win,8
20 février 1991,France - Espagne,3-1,Qualifications pour l'Euro 1992,Espagne,3,1,NA,NA,1991-02-20,1991,win,1
30 mars 1991,France - Albanie,5-0,Qualifications pour l'Euro 1992,Albanie,5,0,NA,NA,1991-03-30,1991,win,2
14 août 1991,Pologne - France,1-5,Match amical,Pologne,5,1,NA,NA,1991-08-14,1991,win,3
4 septembre 1991,Tchécoslovaquie - France,1-2,Qualifications pour l'Euro 1992,Tchécoslovaquie,2,1,NA,NA,1991-09-04,1991,win,4
12 octobre 1991,Espagne - France,1-2,Qualifications pour l'Euro 1992,Espagne,2,1,NA,NA,1991-10-12,1991,win,5
20 novembre 1991,France - Islande,3-1,Qualifications pour l'Euro 1992,Islande,3,1,NA,NA,1991-11-20,1991,win,6
19 février 1992,Angleterre - France,2-0,Match amical,Angleterre,0,2,NA,NA,1992-02-19,1992,loss,1
25 mars 1992,France - Belgique,3-3,Match amical,Belgique,3,3,NA,NA,1992-03-25,1992,draw,2
27 mai 1992,Suisse - France,2-1,Match amical,Suisse,1,2,NA,NA,1992-05-27,1992,loss,3
5 juin 1992,France - Pays-Bas,1-1,Match amical,Pays-Bas,1,1,NA,NA,1992-06-05,1992,draw,4
10 juin 1992,Suède - France,1-1,Euro 1992 (Groupe A),Suède,1,1,NA,NA,1992-06-10,1992,draw,5
14 juin 1992,Angleterre - France,0-0,Euro 1992 (Groupe A),Angleterre,0,0,NA,NA,1992-06-14,1992,draw,6
17 juin 1992,Danemark - France,2-1,Euro 1992 (Groupe A),Danemark,1,2,NA,NA,1992-06-17,1992,loss,7
26 août 1992,France - Brésil,0-2,Match amical,Brésil,0,2,NA,NA,1992-08-26,1992,loss,8
9 septembre 1992,Bulgarie - France,2-0,Qualifications pour la Coupe du monde 1994,Bulgarie,0,2,NA,NA,1992-09-09,1992,loss,9
14 octobre 1992,France - Autriche,2-0,Qualifications pour la Coupe du monde 1994,Autriche,2,0,NA,NA,1992-10-14,1992,win,10
14 novembre 1992,France - Finlande,2-1,Qualifications pour la Coupe du monde 1994,Finlande,2,1,NA,NA,1992-11-14,1992,win,11
17 février 1993,Israël - France,0-4,Qualifications pour la Coupe du monde 1994,Israël,4,0,NA,NA,1993-02-17,1993,win,1
27 mars 1993,Autriche - France,0-1,Qualifications pour la Coupe du monde 1994,Autriche,1,0,NA,NA,1993-03-27,1993,win,2
28 avril 1993,France - Suède,2-1,Qualifications pour la Coupe du monde 1994,Suède,2,1,NA,NA,1993-04-28,1993,win,3
16 juin 1993,France - Colombie,1-3,Match amical (Inauguration du Stade de Dillon),Colombie,1,3,NA,NA,1993-06-16,1993,loss,4
28 juillet 1993,France - Russie,3-1,Match amical,Russie,3,1,NA,NA,1993-07-28,1993,win,5
22 août 1993,Suède - France,1-1,Qualifications pour la Coupe du monde 1994,Suède,1,1,NA,NA,1993-08-22,1993,draw,6
8 septembre 1993,Finlande - France,0-2,Qualifications pour la Coupe du monde 1994,Finlande,2,0,NA,NA,1993-09-08,1993,win,7
13 octobre 1993,France - Israël,2-3,Qualifications pour la Coupe du monde 1994,Israël,2,3,NA,NA,1993-10-13,1993,loss,8
17 novembre 1993,France - Bulgarie,1-2,Qualifications pour la Coupe du monde 1994,Bulgarie,1,2,NA,NA,1993-11-17,1993,loss,9
16 février 1994,Italie - France,0-1,Match amical,Italie,1,0,NA,NA,1994-02-16,1994,win,1
22 mars 1994,France - Chili,3-1,Match amical,Chili,3,1,NA,NA,1994-03-22,1994,win,2
26 mai 1994,France - Australie,1-0,Coupe Kirin 1994 (Amical),Australie,1,0,NA,NA,1994-05-26,1994,win,3
29 mai 1994,Japon - France,1-4,Coupe Kirin 1994 (Amical),Japon,4,1,NA,NA,1994-05-29,1994,win,4
17 août 1994,France - Rép. tchèque,2-2,Match amical,Rép. tchèque,2,2,NA,NA,1994-08-17,1994,draw,5
7 septembre 1994,Slovaquie - France,0-0,Qualifications pour l'Euro 1996,Slovaquie,0,0,NA,NA,1994-09-07,1994,draw,6
8 octobre 1994,France - Roumanie,0-0,Qualifications pour l'Euro 1996,Roumanie,0,0,NA,NA,1994-10-08,1994,draw,7
6 novembre 1994,Pologne - France,0-0,Qualifications pour l'Euro 1996,Pologne,0,0,NA,NA,1994-11-06,1994,draw,8
13 décembre 1994,Azerbaïdjan - France,0-2,Qualifications pour l'Euro 1996,Azerbaïdjan,2,0,NA,NA,1994-12-13,1994,win,9
10 janvier 1995,Pays-Bas - France,0-1,Match amical,Pays-Bas,1,0,NA,NA,1995-01-10,1995,win,1
29 mars 1995,Israël - France,0-0,Qualifications pour l'Euro 1996,Israël,0,0,NA,NA,1995-03-29,1995,draw,2
26 avril 1995,France- Slovaquie,4-0,Qualifications pour l'Euro 1996,Slovaquie,4,0,NA,NA,1995-04-26,1995,win,3
22 juillet 1995,Norvège - France,0-0,Match amical,Norvège,0,0,NA,NA,1995-07-22,1995,draw,4
16 août 1995,France - Pologne,1-1,Qualifications pour l'Euro 1996,Pologne,1,1,NA,NA,1995-08-16,1995,draw,5
6 septembre 1995,France - Azerbaïdjan,10-0,Qualifications pour l'Euro 1996,Azerbaïdjan,10,10,NA,NA,1995-09-06,1995,draw,6
11 octobre 1995,Roumanie - France,1-3,Qualifications pour l'Euro 1996,Roumanie,3,1,NA,NA,1995-10-11,1995,win,7
15 novembre 1995,France - Israël,2-0,Qualifications pour l'Euro 1996,Israël,2,0,NA,NA,1995-11-15,1995,win,8
24 janvier 1996,France - Portugal,3-2,Match amical,Portugal,3,2,NA,NA,1996-01-24,1996,win,1
21 février 1996,France - Grèce,3-1,Match amical,Grèce,3,1,NA,NA,1996-02-21,1996,win,2
27 mars 1996,Belgique - France,0-2,Match amical,Belgique,2,0,NA,NA,1996-03-27,1996,win,3
29 mai 1996,France - Finlande,2-0,Match amical,Finlande,2,0,NA,NA,1996-05-29,1996,win,4
1er juin 1996,Allemagne - France,0-1,Match amical,Allemagne,1,0,NA,NA,1996-06-01,1996,win,5
5 juin 1996,France - Arménie,2-0,Match amical,Arménie,2,0,NA,NA,1996-06-05,1996,win,6
10 juin 1996,France - Roumanie,1-0,Euro 1996 (Groupe B),Roumanie,1,0,NA,NA,1996-06-10,1996,win,7
15 juin 1996,Espagne - France,1-1,Euro 1996 (Groupe B),Espagne,1,1,NA,NA,1996-06-15,1996,draw,8
18 juin 1996,France - Bulgarie,3-1,Euro 1996 (Groupe B),Bulgarie,3,1,NA,NA,1996-06-18,1996,win,9
22 juin 1996,France - Pays-Bas,0-0 ap(5-4) tab,Euro 1996 (Quart de finale),Pays-Bas,0,0,5,4,1996-06-22,1996,draw,10
26 juin 1996,Rép. tchèque - France,0-0 ap(6-5) tab,Euro 1996 (Demi-finale),Rép. tchèque,0,0,5,6,1996-06-26,1996,draw,11
31 août 1996,France - Mexique,2-0,Match amical,Mexique,2,0,NA,NA,1996-08-31,1996,win,12
9 octobre 1996,France - Turquie,4-0,Match amical,Turquie,4,0,NA,NA,1996-10-09,1996,win,13
9 novembre 1996,Danemark - France,1-0,Match amical,Danemark,0,1,NA,NA,1996-11-09,1996,loss,14
22 janvier 1997,Portugal - France,0-2,Match amical,Portugal,2,0,NA,NA,1997-01-22,1997,win,1
26 février 1997,France - Pays-Bas,2-1,Match amical,Pays-Bas,2,1,NA,NA,1997-02-26,1997,win,2
2 avril 1997,France - Suède,1-0,Match amical,Suède,1,0,NA,NA,1997-04-02,1997,win,3
3 juin 1997,France - Brésil,1-1,Tournoi de France 1997 (amical),Brésil,1,1,NA,NA,1997-06-03,1997,draw,4
7 juin 1997,France - Angleterre,0-1,Tournoi de France 1997 (amical),Angleterre,0,1,NA,NA,1997-06-07,1997,loss,5
11 juin 1997,France - Italie,2-2,Tournoi de France 1997 (amical),Italie,2,2,NA,NA,1997-06-11,1997,draw,6
11 octobre 1997,France - Afrique du Sud,2-1,Match amical,Afrique du Sud,2,1,NA,NA,1997-10-11,1997,win,7
12 novembre 1997,France - Écosse,2-1,Match amical,Écosse,2,1,NA,NA,1997-11-12,1997,win,8
28 janvier 1998,France - Espagne,1-0,Match amical (Inauguration du Stade de France),Espagne,1,0,NA,NA,1998-01-28,1998,win,1
25 février 1998,France - Norvège,3-3,Match amical,Norvège,3,3,NA,NA,1998-02-25,1998,draw,2
25 mars 1998,Russie - France,1-0,Match amical,Russie,0,1,NA,NA,1998-03-25,1998,loss,3
22 avril 1998,Suède - France,0-0,Match amical,Suède,0,0,NA,NA,1998-04-22,1998,draw,4
27 mai 1998,France - Belgique,1-0,Tournoi Hassan II 1998 (amical),Belgique,1,0,NA,NA,1998-05-27,1998,win,5
29 mai 1998,Maroc - France,2-2(6-5) tab,Tournoi Hassan II 1998 (amical),Maroc,2,2,5,6,1998-05-29,1998,draw,6
5 juin 1998,Finlande - France,0-1,Match amical,Finlande,1,0,NA,NA,1998-06-05,1998,win,7
12 juin 1998,France - Afrique du Sud,3-0,Coupe du monde 1998 (Groupe C),Afrique du Sud,3,0,NA,NA,1998-06-12,1998,win,8
18 juin 1998,France - Arabie saoudite,4-0,Coupe du monde 1998 (Groupe C),Arabie saoudite,4,0,NA,NA,1998-06-18,1998,win,9
24 juin 1998,France - Danemark,2-1,Coupe du monde 1998 (Groupe C),Danemark,2,1,NA,NA,1998-06-24,1998,win,10
28 juin 1998,France - Paraguay,1-0 apb.e.o.,Coupe du monde 1998 (Huitième de finale),Paraguay,1,0,NA,NA,1998-06-28,1998,win,11
3 juillet 1998,France – Italie,0-0 ap(4-3) tab,Coupe du monde 1998 (Quart de finale),France – Italie,0,0,4,3,1998-07-03,1998,draw,12
8 juillet 1998,France - Croatie,2-1,Coupe du monde 1998 (Demi-finale),Croatie,2,1,NA,NA,1998-07-08,1998,win,13
12 juillet 1998,Brésil - France,0-3,Coupe du monde 1998 (Finale),Brésil,3,0,NA,NA,1998-07-12,1998,win,14
19 août 1998,Autriche - France,2-2,Match amical,Autriche,2,2,NA,NA,1998-08-19,1998,draw,15
5 septembre 1998,Islande - France,1-1,Qualifications pour l'Euro 2000,Islande,1,1,NA,NA,1998-09-05,1998,draw,16
10 octobre 1998,Russie - France,2-3,Qualifications pour l'Euro 2000,Russie,3,2,NA,NA,1998-10-10,1998,win,17
14 octobre 1998,France - Andorre,2-0,Qualifications pour l'Euro 2000,Andorre,2,0,NA,NA,1998-10-14,1998,win,18
20 janvier 1999,France - Maroc,1-0,Match amical,Maroc,1,0,NA,NA,1999-01-20,1999,win,1
10 février 1999,Angleterre - France,0-2,Match amical,Angleterre,2,0,NA,NA,1999-02-10,1999,win,2
27 mars 1999,France - Ukraine,0-0,Qualifications pour l'Euro 2000,Ukraine,0,0,NA,NA,1999-03-27,1999,draw,3
31 mars 1999,France - Arménie,2-0,Qualifications pour l'Euro 2000,Arménie,2,0,NA,NA,1999-03-31,1999,win,4
5 juin 1999,France - Russie,2-3,Qualifications pour l'Euro 2000,Russie,2,3,NA,NA,1999-06-05,1999,loss,5
9 juin 1999,Andorre - France,0-1,Qualifications pour l'Euro 2000,Andorre,1,0,NA,NA,1999-06-09,1999,win,6
18 août 1999,Irlande du Nord - France,0-1,Match amical,Irlande du Nord,1,0,NA,NA,1999-08-18,1999,win,7
4 septembre 1999,Ukraine - France,0-0,Qualifications pour l'Euro 2000,Ukraine,0,0,NA,NA,1999-09-04,1999,draw,8
8 septembre 1999,Arménie - France,2-3,Qualifications pour l'Euro 2000,Arménie,3,2,NA,NA,1999-09-08,1999,win,9
9 octobre 1999,France - Islande,3-2,Qualifications pour l'Euro 2000,Islande,3,2,NA,NA,1999-10-09,1999,win,10
13 novembre 1999,France - Croatie,3-0,Match amical,Croatie,3,0,NA,NA,1999-11-13,1999,win,11
23 février 2000,France - Pologne,1-0,Match amical,Pologne,1,0,NA,NA,2000-02-23,2e3,win,1
29 mars 2000,Écosse - France,0-2,Match amical,Écosse,2,0,NA,NA,2000-03-29,2e3,win,2
26 avril 2000,France - Slovénie,3-2,Match amical,Slovénie,3,2,NA,NA,2000-04-26,2e3,win,3
28 mai 2000,Croatie - France,0-2,Match amical,Croatie,2,0,NA,NA,2000-05-28,2e3,win,4
4 juin 2000,France - Japon,2-2(4-2) tab,Tournoi Hassan II 2000 (amical),Japon,2,2,4,2,2000-06-04,2e3,draw,5
6 juin 2000,Maroc - France,1-5,Tournoi Hassan II 2000 (amical),Maroc,5,1,NA,NA,2000-06-06,2e3,win,6
11 juin 2000,France - Danemark,3-0,Euro 2000 (Groupe D),Danemark,3,0,NA,NA,2000-06-11,2e3,win,7
16 juin 2000,France - Rép. tchèque,2-1,Euro 2000 (Groupe D),Rép. tchèque,2,1,NA,NA,2000-06-16,2e3,win,8
21 juin 2000,Pays-Bas - France,3-2,Euro 2000 (Groupe D),Pays-Bas,2,3,NA,NA,2000-06-21,2e3,loss,9
25 juin 2000,France - Espagne,2-1,Euro 2000 (Quart de finale),Espagne,2,1,NA,NA,2000-06-25,2e3,win,10
28 juin 2000,France - Portugal,2-1 apb.e.o.,Euro 2000 (Demi-finale),Portugal,2,1,NA,NA,2000-06-28,2e3,win,11
2 juillet 2000,Italie - France,1-2 apb.e.o.,Euro 2000 (Finale),Italie,2,1,NA,NA,2000-07-02,2e3,win,12
16 août 2000,France - Sélection FIFA,5-1,Match amical,Sélection FIFA,5,1,NA,NA,2000-08-16,2e3,win,13
2 septembre 2000,France - Angleterre,1-1,Match amical,Angleterre,1,1,NA,NA,2000-09-02,2e3,draw,14
4 octobre 2000,France - Cameroun,1-1,Match amical,Cameroun,1,1,NA,NA,2000-10-04,2e3,draw,15
7 octobre 2000,Afrique du Sud - France,0-0[1],Coupe du challenge 2000[2] (amical),Afrique du Sud,0,0,NA,NA,2000-10-07,2e3,draw,16
15 novembre 2000,Turquie - France,0-4,Match amical,Turquie,4,0,NA,NA,2000-11-15,2e3,win,17
27 février 2001,France - Allemagne,1-0,Match amical,Allemagne,1,0,NA,NA,2001-02-27,2001,win,1
24 mars 2001,France - Japon,5-0,Match amical,Japon,5,0,NA,NA,2001-03-24,2001,win,2
28 mars 2001,Espagne - France,2-1,Match amical,Espagne,1,2,NA,NA,2001-03-28,2001,loss,3
25 avril 2001,France - Portugal,4-0,Match amical,Portugal,4,0,NA,NA,2001-04-25,2001,win,4
30 mai 2001,Corée du Sud - France,0-5,Coupe des confédérations 2001 (Groupe A)[36],Corée du Sud,5,0,NA,NA,2001-05-30,2001,win,5
1er juin 2001,Australie- France,1-0,Coupe des confédérations 2001 (Groupe A),Australie- France,0,1,NA,NA,2001-06-01,2001,loss,6
3 juin 2001,France - Mexique,4-0,Coupe des confédérations 2001 (Groupe A),Mexique,4,0,NA,NA,2001-06-03,2001,win,7
7 juin 2001,France - Brésil,2-1,Coupe des confédérations 2001 (Demi-finale),Brésil,2,1,NA,NA,2001-06-07,2001,win,8
10 juin 2001,Japon - France,0-1,Coupe des confédérations 2001 (Finale),Japon,1,0,NA,NA,2001-06-10,2001,win,9
15 août 2001,France - Danemark,1-0,Match amical,Danemark,1,0,NA,NA,2001-08-15,2001,win,10
1er septembre 2001,Chili - France,2-1,Match amical,Chili,1,2,NA,NA,2001-09-01,2001,loss,11
6 octobre 2001,France - Algérie,4-1[3],"Match amical[4],[5]",Algérie,4,1,NA,NA,2001-10-06,2001,win,12
11 novembre 2001,Australie - France,1-1,Match amical,Australie,1,1,NA,NA,2001-11-11,2001,draw,13
13 février 2002,France - Roumanie,2-1,Match amical,Roumanie,2,1,NA,NA,2002-02-13,2002,win,1
27 mars 2002,France - Écosse,5-0,Match amical,Écosse,5,0,NA,NA,2002-03-27,2002,win,2
17 avril 2002,France - Russie,0-0,Match amical,Russie,0,0,NA,NA,2002-04-17,2002,draw,3
18 mai 2002,France - Belgique,1-2,Match amical,Belgique,1,2,NA,NA,2002-05-18,2002,loss,4
26 mai 2002,Corée du Sud - France,2-3,Match amical,Corée du Sud,3,2,NA,NA,2002-05-26,2002,win,5
31 mai 2002,France - Sénégal,0-1,Coupe du monde 2002 (Groupe A),Sénégal,0,1,NA,NA,2002-05-31,2002,loss,6
6 juin 2002,France - Uruguay,0-0,Coupe du monde 2002 (Groupe A),Uruguay,0,0,NA,NA,2002-06-06,2002,draw,7
11 juin 2002,Danemark - France,2-0,Coupe du monde 2002 (Groupe A),Danemark,0,2,NA,NA,2002-06-11,2002,loss,8
21 août 2002,Tunisie - France,1-1,Match amical,Tunisie,1,1,NA,NA,2002-08-21,2002,draw,9
7 septembre 2002,Chypre - France,1-2,Qualifications pour l'Euro 2004,Chypre,2,1,NA,NA,2002-09-07,2002,win,10
12 octobre 2002,France- Slovénie,5-0,Qualifications pour l'Euro 2004,Slovénie,5,0,NA,NA,2002-10-12,2002,win,11
16 octobre 2002,Malte - France,0-4,Qualifications pour l'Euro 2004,Malte,4,0,NA,NA,2002-10-16,2002,win,12
20 novembre 2002,France - RF Yougoslavie,3-0,Match amical,RF Yougoslavie,3,0,NA,NA,2002-11-20,2002,win,13
12 février 2003,France - Rép. tchèque,0-2,Match amical,Rép. tchèque,0,2,NA,NA,2003-02-12,2003,loss,1
29 mars 2003,France - Malte,6-0,Qualifications pour l'Euro 2004,Malte,6,0,NA,NA,2003-03-29,2003,win,2
2 avril 2003,Israël - France,1-2,Qualifications pour l'Euro 2004,Israël,2,1,NA,NA,2003-04-02,2003,win,3
30 avril 2003,France - Égypte,5-0,Match amical,Égypte,5,0,NA,NA,2003-04-30,2003,win,4
18 juin 2003,France - Colombie,1-0,Coupe des confédérations 2003 (Groupe A),Colombie,1,0,NA,NA,2003-06-18,2003,win,5
20 juin 2003,France - Japon,2-1,Coupe des confédérations 2003 (Groupe A),Japon,2,1,NA,NA,2003-06-20,2003,win,6
22 juin 2003,France - Nouvelle-Zélande,5-0,Coupe des confédérations 2003 (Groupe A),Nouvelle-Zélande,5,0,NA,NA,2003-06-22,2003,win,7
26 juin 2003,France - Turquie,3-2,Coupe des confédérations 2003 (Demi-finale),Turquie,3,2,NA,NA,2003-06-26,2003,win,8
29 juin 2003,France - Cameroun,1-0 apb.e.o.,Coupe des confédérations 2003 (Finale),Cameroun,1,0,NA,NA,2003-06-29,2003,win,9
20 août 2003,Suisse - France,0-2,Match amical,Suisse,2,0,NA,NA,2003-08-20,2003,win,10
6 septembre 2003,France - Chypre,5-0,Qualifications pour l'Euro 2004,Chypre,5,0,NA,NA,2003-09-06,2003,win,11
10 septembre 2003,Slovénie - France,0-2,Qualifications pour l'Euro 2004,Slovénie,2,0,NA,NA,2003-09-10,2003,win,12
11 octobre 2003,France - Israël,3-0,Qualifications pour l'Euro 2004,Israël,3,0,NA,NA,2003-10-11,2003,win,13
15 novembre 2003,Allemagne - France,0-3,Match amical,Allemagne,3,0,NA,NA,2003-11-15,2003,win,14
18 février 2004,Belgique - France,0-2,Match amical,Belgique,2,0,NA,NA,2004-02-18,2004,win,1
31 mars 2004,Pays-Bas - France,0-0,Match amical,Pays-Bas,0,0,NA,NA,2004-03-31,2004,draw,2
20 mai 2004,France - Brésil,0-0,Match amical (Centenaire FIFA),Brésil,0,0,NA,NA,2004-05-20,2004,draw,3
28 mai 2004,France - Andorre,4-0,Match amical,Andorre,4,0,NA,NA,2004-05-28,2004,win,4
6 juin 2004,France - Ukraine,1-0,Match amical,Ukraine,1,0,NA,NA,2004-06-06,2004,win,5
13 juin 2004,France - Angleterre,2-1,Euro 2004 (Groupe B),Angleterre,2,1,NA,NA,2004-06-13,2004,win,6
17 juin 2004,France - Croatie,2-2,Euro 2004 (Groupe B),Croatie,2,2,NA,NA,2004-06-17,2004,draw,7
21 juin 2004,France - Suisse,3-1,Euro 2004 (Groupe B),Suisse,3,1,NA,NA,2004-06-21,2004,win,8
25 juin 2004,Grèce - France,1-0,Euro 2004 (Quart de finale),Grèce,0,1,NA,NA,2004-06-25,2004,loss,9
18 août 2004,France - Bosnie-Herzégovine,1-1,Match amical,Bosnie-Herzégovine,1,1,NA,NA,2004-08-18,2004,draw,10
4 septembre 2004,France - Israël,0-0,Qualifications pour la Coupe du monde 2006,Israël,0,0,NA,NA,2004-09-04,2004,draw,11
8 septembre 2004,Îles Féroé - France,0-2,Qualifications pour la Coupe du monde 2006,Îles Féroé,2,0,NA,NA,2004-09-08,2004,win,12
9 octobre 2004,France - Irlande,0-0,Qualifications pour la Coupe du monde 2006,Irlande,0,0,NA,NA,2004-10-09,2004,draw,13
13 octobre 2004,Chypre - France,0-2,Qualifications pour la Coupe du monde 2006,Chypre,2,0,NA,NA,2004-10-13,2004,win,14
17 novembre 2004,France - Pologne,0-0,Match amical,Pologne,0,0,NA,NA,2004-11-17,2004,draw,15
9 février 2005,France - Suède,1-1,Match amical,Suède,1,1,NA,NA,2005-02-09,2005,draw,1
26 mars 2005,France - Suisse,0-0,Qualifications pour la Coupe du monde 2006,Suisse,0,0,NA,NA,2005-03-26,2005,draw,2
29 mars 2005,Israël - France,1-1,Qualifications pour la Coupe du monde 2006,Israël,1,1,NA,NA,2005-03-29,2005,draw,3
31 mai 2005,France - Hongrie,2-1,Match amical,Hongrie,2,1,NA,NA,2005-05-31,2005,win,4
17 août 2005,France - Côte d'Ivoire,3-0,Match amical[38],Côte d'Ivoire,3,0,NA,NA,2005-08-17,2005,win,5
3 septembre 2005,France - Îles Féroé,3-0,Qualifications pour la Coupe du monde 2006,Îles Féroé,3,0,NA,NA,2005-09-03,2005,win,6
7 septembre 2005,Irlande - France,0-1,Qualifications pour la Coupe du monde 2006,Irlande,1,0,NA,NA,2005-09-07,2005,win,7
8 octobre 2005,Suisse - France,1-1,Qualifications pour la Coupe du monde 2006,Suisse,1,1,NA,NA,2005-10-08,2005,draw,8
12 octobre 2005,France - Chypre,4-0,Qualifications pour la Coupe du monde 2006,Chypre,4,0,NA,NA,2005-10-12,2005,win,9
9 novembre 2005,France - Costa Rica,3-2,Match amical,Costa Rica,3,2,NA,NA,2005-11-09,2005,win,10
12 novembre 2005,France - Allemagne,0-0,Match amical,Allemagne,0,0,NA,NA,2005-11-12,2005,draw,11
1er mars 2006,France - Slovaquie,1-2,Match amical,Slovaquie,1,2,NA,NA,2006-03-01,2006,loss,1
27 mai 2006,France - Mexique,1-0,Match amical,Mexique,1,0,NA,NA,2006-05-27,2006,win,2
31 mai 2006,France - Danemark,2-0,Match amical,Danemark,2,0,NA,NA,2006-05-31,2006,win,3
7 juin 2006[33],France - Chine,3-1,Match amical,Chine,3,1,NA,NA,2006-06-07,2006,win,4
13 juin 2006,France - Suisse,0-0,Coupe du monde 2006 (Groupe G),Suisse,0,0,NA,NA,2006-06-13,2006,draw,5
18 juin 2006,France - Corée du Sud,1-1,Coupe du monde 2006 (Groupe G),Corée du Sud,1,1,NA,NA,2006-06-18,2006,draw,6
23 juin 2006,Togo - France,0-2,Coupe du monde 2006 (Groupe G),Togo,2,0,NA,NA,2006-06-23,2006,win,7
27 juin 2006,Espagne - France,1-3,Coupe du monde 2006 (Huitième de finale),Espagne,3,1,NA,NA,2006-06-27,2006,win,8
1er juillet 2006,France - Brésil,1-0,Coupe du monde 2006 (Quart de finale),Brésil,1,0,NA,NA,2006-07-01,2006,win,9
5 juillet 2006,Portugal - France,0-1,Coupe du monde 2006 (Demi-finale),Portugal,1,0,NA,NA,2006-07-05,2006,win,10
9 juillet 2006,Italie - France,1-1 ap(5-3) tab,Coupe du monde 2006 (Finale),Italie,1,1,3,5,2006-07-09,2006,draw,11
16 août 2006,Bosnie-Herzégovine - France,1-2,Match amical,Bosnie-Herzégovine,2,1,NA,NA,2006-08-16,2006,win,12
2 septembre 2006,Géorgie - France,0-3,Qualifications pour l'Euro 2008,Géorgie,3,0,NA,NA,2006-09-02,2006,win,13
6 septembre 2006,France - Italie,3-1,Qualifications pour l'Euro 2008,Italie,3,1,NA,NA,2006-09-06,2006,win,14
7 octobre 2006,Écosse - France,1-0,Qualifications pour l'Euro 2008,Écosse,0,1,NA,NA,2006-10-07,2006,loss,15
11 octobre 2006,France - Îles Féroé,5-0,Qualifications pour l'Euro 2008,Îles Féroé,5,0,NA,NA,2006-10-11,2006,win,16
15 novembre 2006,France - Grèce,1-0,Match amical,Grèce,1,0,NA,NA,2006-11-15,2006,win,17
7 février 2007,France - Argentine,0-1,Match amical,Argentine,0,1,NA,NA,2007-02-07,2007,loss,1
24 mars 2007,Lituanie - France,0-1,Qualifications pour l'Euro 2008,Lituanie,1,0,NA,NA,2007-03-24,2007,win,2
28 mars 2007,France - Autriche,1-0,Match amical,Autriche,1,0,NA,NA,2007-03-28,2007,win,3
2 juin 2007,France - Ukraine,2-0,Qualifications pour l'Euro 2008,Ukraine,2,0,NA,NA,2007-06-02,2007,win,4
6 juin 2007,France - Géorgie,1-0,Qualifications pour l'Euro 2008,Géorgie,1,0,NA,NA,2007-06-06,2007,win,5
22 août 2007,Slovaquie - France,0-1,Match amical,Slovaquie,1,0,NA,NA,2007-08-22,2007,win,6
8 septembre 2007,Italie - France,0-0,Qualifications pour l'Euro 2008,Italie,0,0,NA,NA,2007-09-08,2007,draw,7
12 septembre 2007,France - Écosse,0-1,Qualifications pour l'Euro 2008,Écosse,0,1,NA,NA,2007-09-12,2007,loss,8
13 octobre 2007,Îles Féroé - France,0-6,Qualifications pour l'Euro 2008,Îles Féroé,6,0,NA,NA,2007-10-13,2007,win,9
17 octobre 2007,France - Lituanie,2-0,Qualifications pour l'Euro 2008,Lituanie,2,0,NA,NA,2007-10-17,2007,win,10
16 novembre 2007,France - Maroc,2-2,Match amical,Maroc,2,2,NA,NA,2007-11-16,2007,draw,11
21 novembre 2007,Ukraine - France,2-2,Qualifications pour l'Euro 2008,Ukraine,2,2,NA,NA,2007-11-21,2007,draw,12
6 février 2008,Espagne - France,1-0,Match amical,Espagne,0,1,NA,NA,2008-02-06,2008,loss,1
26 mars 2008,France - Angleterre,1-0,Match amical,Angleterre,1,0,NA,NA,2008-03-26,2008,win,2
27 mai 2008,France - Équateur,2-0,Match amical,Équateur,2,0,NA,NA,2008-05-27,2008,win,3
31 mai 2008,France - Paraguay,0-0,Match amical,Paraguay,0,0,NA,NA,2008-05-31,2008,draw,4
3 juin 2008,France - Colombie,1-0,Match amical,Colombie,1,0,NA,NA,2008-06-03,2008,win,5
9 juin 2008,Roumanie - France,0-0,Euro 2008 (Groupe C),Roumanie,0,0,NA,NA,2008-06-09,2008,draw,6
13 juin 2008,Pays-Bas - France,4-1,Euro 2008 (Groupe C),Pays-Bas,1,4,NA,NA,2008-06-13,2008,loss,7
17 juin 2008,France - Italie,0-2,Euro 2008 (Groupe C),Italie,0,2,NA,NA,2008-06-17,2008,loss,8
20 août 2008,Suède - France,2-3,Match amical,Suède,3,2,NA,NA,2008-08-20,2008,win,9
6 septembre 2008,Autriche - France,3-1,Qualifications pour la Coupe du monde 2010,Autriche,1,3,NA,NA,2008-09-06,2008,loss,10
10 septembre 2008,France - Serbie,2-1,Qualifications pour la Coupe du monde 2010,Serbie,2,1,NA,NA,2008-09-10,2008,win,11
11 octobre 2008,Roumanie - France,2-2,Qualifications pour la Coupe du monde 2010,Roumanie,2,2,NA,NA,2008-10-11,2008,draw,12
14 octobre 2008,France - Tunisie,3-1,Match amical,Tunisie,3,1,NA,NA,2008-10-14,2008,win,13
19 novembre 2008,France - Uruguay,0-0,Match amical,Uruguay,0,0,NA,NA,2008-11-19,2008,draw,14
11 février 2009,France - Argentine,0-2,Match amical,Argentine,0,2,NA,NA,2009-02-11,2009,loss,1
28 mars 2009,Lituanie - France,0-1,Qualifications pour la Coupe du monde 2010,Lituanie,1,0,NA,NA,2009-03-28,2009,win,2
1er avril 2009,France - Lituanie,1-0,Qualifications pour la Coupe du monde 2010,Lituanie,1,0,NA,NA,2009-04-01,2009,win,3
2 juin 2009,France - Nigeria,0-1,Match amical,Nigeria,0,1,NA,NA,2009-06-02,2009,loss,4
5 juin 2009,France - Turquie,1-0,Match amical,Turquie,1,0,NA,NA,2009-06-05,2009,win,5
12 août 2009,Îles Féroé - France,0-1,Qualifications pour la Coupe du monde 2010,Îles Féroé,1,0,NA,NA,2009-08-12,2009,win,6
5 septembre 2009,France - Roumanie,1-1,Qualifications pour la Coupe du monde 2010,Roumanie,1,1,NA,NA,2009-09-05,2009,draw,7
9 septembre 2009,Serbie - France,1-1,Qualifications pour la Coupe du monde 2010,Serbie,1,1,NA,NA,2009-09-09,2009,draw,8
10 octobre 2009,France - Îles Féroé,5-0,Qualifications pour la Coupe du monde 2010,Îles Féroé,5,0,NA,NA,2009-10-10,2009,win,9
14 octobre 2009,France - Autriche,3-1,Qualifications pour la Coupe du monde 2010,Autriche,3,1,NA,NA,2009-10-14,2009,win,10
14 novembre 2009,Irlande - France,0-1,Qualifications pour la Coupe du monde 2010 (Barrage aller),Irlande,1,0,NA,NA,2009-11-14,2009,win,11
18 novembre 2009,France - Irlande,1-1 ap,Qualifications pour la Coupe du monde 2010 (Barrage retour),Irlande,1,1,NA,NA,2009-11-18,2009,draw,12
3 mars 2010,France - Espagne,0-2,Match amical,Espagne,0,2,NA,NA,2010-03-03,2010,loss,1
26 mai 2010,France - Costa Rica,2-1,Match amical,Costa Rica,2,1,NA,NA,2010-05-26,2010,win,2
30 mai 2010,Tunisie - France,1-1,Match amical,Tunisie,1,1,NA,NA,2010-05-30,2010,draw,3
4 juin 2010,France - Chine,0-1,Match amical,Chine,0,1,NA,NA,2010-06-04,2010,loss,4
11 juin 2010,Uruguay - France,0-0,Coupe du monde 2010 (Groupe A),Uruguay,0,0,NA,NA,2010-06-11,2010,draw,5
17 juin 2010,France - Mexique,0-2,Coupe du monde 2010 (Groupe A),Mexique,0,2,NA,NA,2010-06-17,2010,loss,6
22 juin 2010,France - Afrique du Sud,1-2,Coupe du monde 2010 (Groupe A),Afrique du Sud,1,2,NA,NA,2010-06-22,2010,loss,7
11 août 2010,Norvège - France,2-1,Match amical,Norvège,1,2,NA,NA,2010-08-11,2010,loss,8
3 septembre 2010,France - Biélorussie,0-1,Qualifications pour l'Euro 2012,Biélorussie,0,1,NA,NA,2010-09-03,2010,loss,9
7 septembre 2010,Bosnie-Herzégovine - France,0-2,Qualifications pour l'Euro 2012,Bosnie-Herzégovine,2,0,NA,NA,2010-09-07,2010,win,10
9 octobre 2010,France - Roumanie,2-0,Qualifications pour l'Euro 2012,Roumanie,2,0,NA,NA,2010-10-09,2010,win,11
12 octobre 2010,France - Luxembourg,2-0,Qualifications pour l'Euro 2012,Luxembourg,2,0,NA,NA,2010-10-12,2010,win,12
17 novembre 2010,Angleterre - France,1-2,Match amical,Angleterre,2,1,NA,NA,2010-11-17,2010,win,13
9 février 2011,France - Brésil,1-0,Match amical,Brésil,1,0,NA,NA,2011-02-09,2011,win,1
25 mars 2011,Luxembourg - France,0-2,Qualifications pour l'Euro 2012,Luxembourg,2,0,NA,NA,2011-03-25,2011,win,2
29 mars 2011,France - Croatie,0-0,Match amical,Croatie,0,0,NA,NA,2011-03-29,2011,draw,3
3 juin 2011,Biélorussie - France,1-1,Qualifications pour l'Euro 2012,Biélorussie,1,1,NA,NA,2011-06-03,2011,draw,4
6 juin 2011,Ukraine - France,1-4,Match amical,Ukraine,4,1,NA,NA,2011-06-06,2011,win,5
9 juin 2011,Pologne - France,0-1,Match amical,Pologne,1,0,NA,NA,2011-06-09,2011,win,6
10 août 2011,France - Chili,1-1,Match amical,Chili,1,1,NA,NA,2011-08-10,2011,draw,7
2 septembre 2011,Albanie - France,1-2,Qualifications pour l'Euro 2012,Albanie,2,1,NA,NA,2011-09-02,2011,win,8
6 septembre 2011,Roumanie - France,0-0,Qualifications pour l'Euro 2012,Roumanie,0,0,NA,NA,2011-09-06,2011,draw,9
7 octobre 2011,France - Albanie,3-0,Qualifications pour l'Euro 2012,Albanie,3,0,NA,NA,2011-10-07,2011,win,10
11 octobre 2011,France - Bosnie-Herzégovine,1-1,Qualifications pour l'Euro 2012,Bosnie-Herzégovine,1,1,NA,NA,2011-10-11,2011,draw,11
11 novembre 2011,France - États-Unis,1-0,Match amical,États-Unis,1,0,NA,NA,2011-11-11,2011,win,12
15 novembre 2011,France - Belgique,0-0,Match amical,Belgique,0,0,NA,NA,2011-11-15,2011,draw,13
29 février 2012,Allemagne - France,1-2,Match amical,Allemagne,2,1,NA,NA,2012-02-29,2012,win,1
27 mai 2012,France - Islande,3-2,Match amical,Islande,3,2,NA,NA,2012-05-27,2012,win,2
31 mai 2012,France - Serbie,2-0,Match amical,Serbie,2,0,NA,NA,2012-05-31,2012,win,3
5 juin 2012,France - Estonie,4-0,Match amical,Estonie,4,0,NA,NA,2012-06-05,2012,win,4
11 juin 2012,France - Angleterre,1-1,Euro 2012 (Groupe D),Angleterre,1,1,NA,NA,2012-06-11,2012,draw,5
15 juin 2012,Ukraine - France,0-2,Euro 2012 (Groupe D),Ukraine,2,0,NA,NA,2012-06-15,2012,win,6
19 juin 2012,France - Suède,0-2,Euro 2012 (Groupe D),Suède,0,2,NA,NA,2012-06-19,2012,loss,7
23 juin 2012,Espagne - France,2-0,Euro 2012 (Quart de finale),Espagne,0,2,NA,NA,2012-06-23,2012,loss,8
15 août 2012,France - Uruguay,0-0,Match amical,Uruguay,0,0,NA,NA,2012-08-15,2012,draw,9
7 septembre 2012,Finlande - France,0-1,Qualifications pour la Coupe du monde 2014,Finlande,1,0,NA,NA,2012-09-07,2012,win,10
11 septembre 2012,France - Biélorussie,3-1,Qualifications pour la Coupe du monde 2014,Biélorussie,3,1,NA,NA,2012-09-11,2012,win,11
12 octobre 2012,France - Japon,0-1,Match amical,Japon,0,1,NA,NA,2012-10-12,2012,loss,12
16 octobre 2012,Espagne - France,1-1,Qualifications pour la Coupe du monde 2014,Espagne,1,1,NA,NA,2012-10-16,2012,draw,13
14 novembre 2012,Italie - France,1-2,Match amical,Italie,2,1,NA,NA,2012-11-14,2012,win,14
6 février 2013,France - Allemagne,1-2,Match amical,Allemagne,1,2,NA,NA,2013-02-06,2013,loss,1
22 mars 2013,France - Géorgie,3-1,Qualifications pour la Coupe du monde 2014,Géorgie,3,1,NA,NA,2013-03-22,2013,win,2
26 mars 2013,France - Espagne,0-1,Qualifications pour la Coupe du monde 2014,Espagne,0,1,NA,NA,2013-03-26,2013,loss,3
5 juin 2013,Uruguay - France,1-0,Match amical,Uruguay,0,1,NA,NA,2013-06-05,2013,loss,4
9 juin 2013,Brésil - France,3-0,Match amical,Brésil,0,3,NA,NA,2013-06-09,2013,loss,5
14 août 2013,Belgique - France,0-0,Match amical,Belgique,0,0,NA,NA,2013-08-14,2013,draw,6
6 septembre 2013,Géorgie - France,0-0,Qualifications pour la Coupe du monde 2014,Géorgie,0,0,NA,NA,2013-09-06,2013,draw,7
10 septembre 2013,Biélorussie - France,2-4,Qualifications pour la Coupe du monde 2014,Biélorussie,4,2,NA,NA,2013-09-10,2013,win,8
11 octobre 2013,France - Australie,6-0,Match amical,Australie,6,0,NA,NA,2013-10-11,2013,win,9
15 octobre 2013,France - Finlande,3-0,Qualifications pour la Coupe du monde 2014,Finlande,3,0,NA,NA,2013-10-15,2013,win,10
15 novembre 2013,Ukraine - France,2-0,Qualifications pour la Coupe du monde 2014 (Barrage aller),Ukraine,0,2,NA,NA,2013-11-15,2013,loss,11
19 novembre 2013,France - Ukraine,3-0,Qualifications pour la Coupe du monde 2014 (Barrage retour),Ukraine,3,0,NA,NA,2013-11-19,2013,win,12
5 mars 2014,France - Pays-Bas,2-0,Match amical,Pays-Bas,2,0,NA,NA,2014-03-05,2014,win,1
27 mai 2014,France - Norvège,4-0,Match amical,Norvège,4,0,NA,NA,2014-05-27,2014,win,2
1er juin 2014,France - Paraguay,1-1,Match amical,Paraguay,1,1,NA,NA,2014-06-01,2014,draw,3
8 juin 2014,France - Jamaïque,8-0,Match amical,Jamaïque,8,0,NA,NA,2014-06-08,2014,win,4
15 juin 2014,France - Honduras,3-0,Coupe du monde 2014 (Groupe E),Honduras,3,0,NA,NA,2014-06-15,2014,win,5
20 juin 2014,Suisse - France,2-5,Coupe du monde 2014 (Groupe E),Suisse,5,2,NA,NA,2014-06-20,2014,win,6
25 juin 2014,Équateur - France,0-0,Coupe du monde 2014 (Groupe E),Équateur,0,0,NA,NA,2014-06-25,2014,draw,7
30 juin 2014,France - Nigeria,2-0,Coupe du monde 2014 (Huitième de finale),Nigeria,2,0,NA,NA,2014-06-30,2014,win,8
4 juillet 2014,France - Allemagne,0-1,Coupe du monde 2014 (Quart de finale),Allemagne,0,1,NA,NA,2014-07-04,2014,loss,9
4 septembre 2014,France - Espagne,1-0,Match amical,Espagne,1,0,NA,NA,2014-09-04,2014,win,10
7 septembre 2014,Serbie - France,1-1,Match amical,Serbie,1,1,NA,NA,2014-09-07,2014,draw,11
11 octobre 2014,France - Portugal,2-1,Match amical,Portugal,2,1,NA,NA,2014-10-11,2014,win,12
14 octobre 2014,Arménie - France,0-3,Match amical,Arménie,3,0,NA,NA,2014-10-14,2014,win,13
14 novembre 2014,France - Albanie,1-1,Match amical,Albanie,1,1,NA,NA,2014-11-14,2014,draw,14
18 novembre 2014,France - Suède,1-0,Match amical,Suède,1,0,NA,NA,2014-11-18,2014,win,15
26 mars 2015,France - Brésil,1-3,Match amical,Brésil,1,3,NA,NA,2015-03-26,2015,loss,1
29 mars 2015,France - Danemark,2-0,Match amical,Danemark,2,0,NA,NA,2015-03-29,2015,win,2
7 juin 2015,France - Belgique,3-4,Match amical,Belgique,3,4,NA,NA,2015-06-07,2015,loss,3
13 juin 2015,Albanie - France,1-0,Match amical,Albanie,0,1,NA,NA,2015-06-13,2015,loss,4
4 septembre 2015,Portugal - France,0-1,Match amical,Portugal,1,0,NA,NA,2015-09-04,2015,win,5
7 septembre 2015,France - Serbie,2-1,Match amical,Serbie,2,1,NA,NA,2015-09-07,2015,win,6
8 octobre 2015,France - Arménie,4-0,Match amical,Arménie,4,0,NA,NA,2015-10-08,2015,win,7
11 octobre 2015,Danemark - France,1-2,Match amical,Danemark,2,1,NA,NA,2015-10-11,2015,win,8
13 novembre 2015,France - Allemagne,2-0,Match amical,Allemagne,2,0,NA,NA,2015-11-13,2015,win,9
17 novembre 2015,Angleterre - France,2-0,Match amical,Angleterre,0,2,NA,NA,2015-11-17,2015,loss,10
25 mars 2016,Pays-Bas - France[76],2-3,Match amical,Pays-Bas,3,2,NA,NA,2016-03-25,2016,win,1
29 mars 2016,France - Russie,4-2,Match amical,Russie,4,2,NA,NA,2016-03-29,2016,win,2
30 mai 2016,France - Cameroun,3-2,Match amical,Cameroun,3,2,NA,NA,2016-05-30,2016,win,3
4 juin 2016,France - Écosse,3-0,Match amical,Écosse,3,0,NA,NA,2016-06-04,2016,win,4
10 juin 2016,France - Roumanie,2-1,Euro 2016 (Groupe A),Roumanie,2,1,NA,NA,2016-06-10,2016,win,5
15 juin 2016,France - Albanie,2-0,Euro 2016 (Groupe A),Albanie,2,0,NA,NA,2016-06-15,2016,win,6
19 juin 2016,Suisse - France,0-0,Euro 2016 (Groupe A),Suisse,0,0,NA,NA,2016-06-19,2016,draw,7
26 juin 2016,France - Irlande,2-1,Euro 2016 (Huitième de finale),Irlande,2,1,NA,NA,2016-06-26,2016,win,8
3 juillet 2016,France - Islande,5-2,Euro 2016 (Quart de finale),Islande,5,2,NA,NA,2016-07-03,2016,win,9
7 juillet 2016,Allemagne - France,0-2,Euro 2016 (Demi-finale),Allemagne,2,0,NA,NA,2016-07-07,2016,win,10
10 juillet 2016,Portugal - France,1-0 ap,Euro 2016 (Finale),Portugal,0,1,NA,NA,2016-07-10,2016,loss,11
1er septembre 2016,Italie - France,1-3,Match amical,Italie,3,1,NA,NA,2016-09-01,2016,win,12
6 septembre 2016,Biélorussie - France,0-0,Qualifications pour la Coupe du monde 2018,Biélorussie,0,0,NA,NA,2016-09-06,2016,draw,13
7 octobre 2016,France - Bulgarie,4-1,Qualifications pour la Coupe du monde 2018,Bulgarie,4,1,NA,NA,2016-10-07,2016,win,14
10 octobre 2016,Pays-Bas - France,0-1,Qualifications pour la Coupe du monde 2018,Pays-Bas,1,0,NA,NA,2016-10-10,2016,win,15
11 novembre 2016,France - Suède,2-1,Qualifications pour la Coupe du monde 2018,Suède,2,1,NA,NA,2016-11-11,2016,win,16
15 novembre 2016,France - Côte d'Ivoire,0-0,Match amical[39],Côte d'Ivoire,0,0,NA,NA,2016-11-15,2016,draw,17
25 mars 2017,Luxembourg - France,1-3,Qualifications pour la Coupe du monde 2018,Luxembourg,3,1,NA,NA,2017-03-25,2017,win,1
28 mars 2017,France - Espagne,0-2,Match amical,Espagne,0,2,NA,NA,2017-03-28,2017,loss,2
2 juin 2017,France - Paraguay,5-0,Match amical,Paraguay,5,0,NA,NA,2017-06-02,2017,win,3
9 juin 2017,Suède - France,2-1,Qualifications pour la Coupe du monde 2018,Suède,1,2,NA,NA,2017-06-09,2017,loss,4
13 juin 2017,France - Angleterre,3-2,Match amical,Angleterre,3,2,NA,NA,2017-06-13,2017,win,5
31 août 2017,France - Pays-Bas,4-0,Qualifications pour la Coupe du monde 2018,Pays-Bas,4,0,NA,NA,2017-08-31,2017,win,6
3 septembre 2017,France - Luxembourg,0-0,Qualifications pour la Coupe du monde 2018,Luxembourg,0,0,NA,NA,2017-09-03,2017,draw,7
7 octobre 2017,Bulgarie - France,0-1,Qualifications pour la Coupe du monde 2018,Bulgarie,1,0,NA,NA,2017-10-07,2017,win,8
10 octobre 2017,France - Biélorussie,2-1,Qualifications pour la Coupe du monde 2018,Biélorussie,2,1,NA,NA,2017-10-10,2017,win,9
10 novembre 2017,France - Pays de Galles,2-0,Match amical,Pays de Galles,2,0,NA,NA,2017-11-10,2017,win,10
14 novembre 2017,Allemagne - France,2-2,Match amical,Allemagne,2,2,NA,NA,2017-11-14,2017,draw,11
23 mars 2018,France - Colombie,2-3,Match amical,Colombie,2,3,NA,NA,2018-03-23,2018,loss,1
27 mars 2018,Russie - France,1-3,Match amical,Russie,3,1,NA,NA,2018-03-27,2018,win,2
28 mai 2018,France - Irlande,2-0,Match amical,Irlande,2,0,NA,NA,2018-05-28,2018,win,3
1er juin 2018,France - Italie,3-1,Match amical,Italie,3,1,NA,NA,2018-06-01,2018,win,4
9 juin 2018,France - États-Unis,1-1,Match amical,États-Unis,1,1,NA,NA,2018-06-09,2018,draw,5
16 juin 2018,France - Australie,2-1,Coupe du monde 2018 (Groupe C),Australie,2,1,NA,NA,2018-06-16,2018,win,6
21 juin 2018,France - Pérou,1-0,Coupe du monde 2018 (Groupe C),Pérou,1,0,NA,NA,2018-06-21,2018,win,7
26 juin 2018,Danemark - France,0-0,Coupe du monde 2018 (Groupe C),Danemark,0,0,NA,NA,2018-06-26,2018,draw,8
